record_id,date,property_type,location,competitor_price,dynamic_price,demand_forecast,available_units,units_sold,revenue,resource_utilization,customer_id,customer_age,customer_gender,loyalty_tier,booking_channel,booking_lead_time_days,segment,campaign_id,promo_sent,promo_response,promo_click_rate,sentiment_score,ancillary_purchase,avg_spend_on_site,staff_hours,maintenance_flag,energy_consumption,delay_minutes,risk_level,route_distance_km,flight_speed_knots,fdm_anomaly_flag
1,2024-03-11,Flight,CDG,300.39,405.11,0.85,335,284,115051.24,0.848,40891,31,F,None,Corporate,106,Business,NONE,False,False,0.0,0.72,True,116.99,23.37,False,1938.23,3.5,Medium,5313.0,887.42,False
2,2024-12-21,Hotel,SIN,165.35,218.17,0.82,202,160,34907.2,0.792,24511,40,M,Silver,Direct,66,Leisure,CAMP_A,True,False,0.06,-0.12,False,42.06,5.79,False,165.98,4.19,Low,,,
3,2024-04-29,Flight,CDG,512.68,536.36,0.55,136,73,39154.28,0.537,10155,43,F,None,Direct,114,Other,CAMP_B,True,True,0.32,0.43,False,12.3,34.23,False,2039.44,16.45,Low,10095.0,832.44,False
4,2024-04-10,Flight,SYD,448.13,633.8,0.91,379,344,218027.2,0.908,45687,21,F,Platinum,Direct,85,Business,CAMP_B,True,False,0.11,0.3,False,17.08,20.38,False,2149.73,14.77,Medium,6027.0,835.16,False
5,2024-05-25,Hotel,SIN,236.61,263.19,0.61,237,146,38425.74,0.616,19426,22,M,None,OTA,55,Business,CAMP_B,True,True,0.18,-0.21,False,41.81,5.98,False,217.17,12.72,Medium,,,
6,2024-08-17,Hotel,SYD,220.83,221.33,0.5,182,90,19919.7,0.495,47334,34,F,Gold,Direct,12,Business,CAMP_A,True,False,0.37,0.54,True,16.37,8.58,False,129.82,1.59,Medium,,,
7,2024-11-19,Hotel,CDG,139.47,163.18,0.67,163,110,17949.8,0.675,38948,70,F,Silver,OTA,53,Business,CAMP_A,True,False,0.05,-0.26,True,58.06,8.04,False,136.69,9.37,Low,,,
8,2024-12-08,Flight,SIN,604.53,856.17,0.92,164,151,129281.67,0.921,25841,66,F,None,Agent,107,Family,CAMP_A,True,True,0.1,-0.38,False,81.23,33.07,False,1590.4,7.24,Low,8590.0,821.8,False
9,2024-08-25,Flight,DXB,197.4,235.53,0.69,321,225,52994.25,0.701,29787,48,M,Gold,Agent,9,Business,NONE,False,False,0.0,0.08,False,57.37,32.86,False,1583.9,1.64,Low,1788.0,813.77,False
10,2024-10-21,Hotel,JFK,225.88,327.29,0.95,60,52,17019.08,0.867,39089,50,M,None,OTA,111,Business,NONE,False,False,0.0,-0.01,False,74.59,5.31,False,149.42,0.28,Low,,,
11,2024-03-20,Flight,SYD,578.53,708.29,0.72,360,256,181322.24,0.711,23060,24,F,None,Corporate,82,Other,NONE,False,False,0.0,-0.04,False,10.87,28.87,False,2605.33,6.34,Low,12771.0,811.42,False
12,2024-01-04,Hotel,CDG,148.88,178.09,0.7,289,198,35261.82,0.685,19792,69,F,Gold,Agent,112,Family,NONE,False,False,0.0,0.2,False,22.57,9.89,False,179.4,0.43,Low,,,
13,2024-12-25,Flight,LHR,293.86,382.28,0.8,214,171,65369.88,0.799,21383,43,M,None,Corporate,54,Leisure,NONE,False,False,0.0,0.01,True,5.14,43.6,False,1888.95,10.91,Low,7302.0,897.97,False
14,2024-03-12,Hotel,HKG,216.52,310.75,0.94,112,107,33250.25,0.955,26929,65,F,Gold,Agent,45,Family,CAMP_B,True,False,0.02,0.21,False,103.1,7.21,False,158.67,12.31,Medium,,,
15,2024-11-21,Hotel,HKG,156.4,167.96,0.57,100,54,9069.84,0.54,17768,39,F,None,Direct,70,Business,NONE,False,False,0.0,-1.48,False,65.63,12.43,False,153.8,7.01,Low,,,
16,2024-05-07,Flight,HKG,552.29,504.68,0.41,239,98,49458.64,0.41,46581,70,F,None,Corporate,37,Leisure,CAMP_A,True,False,0.08,0.65,True,139.64,33.07,False,2270.65,27.04,Low,11676.0,773.91,False
17,2024-07-02,Flight,SIN,467.63,538.51,0.65,393,254,136781.54,0.646,11139,32,M,Platinum,Corporate,31,Business,CAMP_C,True,False,0.18,0.12,False,71.69,28.01,False,1584.11,5.28,Low,3581.0,900.01,False
18,2024-12-07,Hotel,SYD,141.98,183.84,0.79,55,44,8088.96,0.8,35825,55,F,None,Direct,41,Business,NONE,False,False,0.0,0.16,False,58.46,8.52,False,164.74,8.05,Medium,,,
19,2024-01-22,Flight,CDG,430.57,505.27,0.67,159,107,54063.89,0.673,49882,55,M,None,Agent,70,Business,CAMP_A,True,False,0.53,0.85,True,49.34,19.84,False,2402.27,37.5,Low,2628.0,838.83,False
20,2024-07-28,Flight,LHR,458.57,615.46,0.84,322,270,166174.2,0.839,42513,48,F,Silver,Direct,75,Other,CAMP_A,True,True,0.44,-0.56,False,121.66,32.98,False,2140.9,20.29,Low,1451.0,775.89,False
21,2024-01-25,Flight,LHR,519.39,618.67,0.69,291,198,122496.66,0.68,14406,41,M,None,OTA,25,Business,CAMP_A,True,False,0.26,-0.35,False,58.94,34.15,False,1852.84,21.48,Low,8164.0,861.88,False
22,2024-09-09,Hotel,LHR,264.72,373.97,0.91,91,78,29169.66,0.857,14388,36,F,Silver,OTA,19,Business,CAMP_A,True,False,0.04,0.72,False,33.67,8.2,False,118.96,2.51,Medium,,,
23,2024-07-06,Flight,JFK,396.68,466.87,0.68,307,202,94307.74,0.658,10404,28,F,None,OTA,30,Family,NONE,False,False,0.0,-0.53,False,73.31,37.35,False,1690.84,47.09,Low,13252.0,784.07,False
24,2024-03-28,Flight,SYD,726.25,639.49,0.38,174,69,44124.81,0.397,45270,27,F,None,Direct,93,Business,CAMP_A,True,False,0.44,0.6,False,25.55,26.76,False,1861.55,29.07,Low,12261.0,857.84,False
25,2024-11-27,Flight,CDG,525.44,713.27,0.86,263,221,157632.67,0.84,44620,25,M,Silver,OTA,7,Business,CAMP_A,True,False,0.44,0.71,True,86.89,29.85,False,1645.82,11.78,Medium,6431.0,924.91,False
26,2024-02-27,Flight,LHR,339.45,481.62,0.92,137,120,57794.4,0.876,11881,70,F,Silver,Direct,9,Other,CAMP_B,True,False,0.06,-0.82,False,23.44,31.25,False,2486.42,0.23,Low,10163.0,936.06,False
27,2024-07-11,Hotel,JFK,250.94,377.16,1.0,194,191,72037.56,0.985,27796,34,F,Silver,Agent,91,Leisure,NONE,False,False,0.0,0.18,True,95.45,7.98,False,139.25,12.54,Low,,,
28,2024-10-10,Flight,HKG,580.52,706.93,0.72,365,264,186629.52,0.723,22201,55,F,Gold,Direct,120,Business,NONE,False,False,0.0,0.8,False,95.2,33.72,False,2376.02,87.41,Low,2132.0,922.11,False
29,2024-03-07,Flight,CDG,458.31,501.05,0.59,394,233,116744.65,0.591,27505,19,M,None,Agent,44,Business,CAMP_B,True,False,0.1,0.29,True,36.71,39.6,False,2028.98,44.77,Low,14057.0,873.23,False
30,2024-06-15,Flight,SYD,485.23,516.16,0.56,285,156,80520.96,0.547,39871,21,M,Silver,OTA,46,Family,CAMP_B,True,True,0.36,0.61,False,62.92,36.18,False,2219.2,7.2,Low,14868.0,871.59,False
31,2024-11-11,Flight,HKG,443.72,482.46,0.59,284,170,82018.2,0.599,31618,46,M,None,Corporate,12,Business,NONE,False,False,0.0,0.73,False,1.48,29.79,False,1932.02,9.77,Low,8376.0,836.92,False
32,2024-12-11,Flight,DXB,555.61,709.78,0.78,283,224,158990.72,0.792,40786,59,F,Silver,Corporate,49,Family,CAMP_B,True,False,0.18,0.45,False,67.75,23.47,False,2005.22,7.29,Low,3211.0,864.31,False
33,2024-08-19,Flight,JFK,261.67,261.16,0.5,241,122,31861.52,0.506,46756,59,F,None,Agent,41,Business,NONE,False,False,0.0,-0.12,True,174.31,34.07,False,2326.14,23.75,Low,6223.0,821.79,False
34,2024-06-30,Hotel,DXB,156.7,223.27,0.92,184,166,37062.82,0.902,14485,19,M,Silver,Corporate,61,Business,CAMP_C,True,True,0.11,-0.43,False,96.77,9.08,False,126.18,0.71,Low,,,
35,2024-06-13,Hotel,HKG,154.41,203.28,0.82,148,123,25003.44,0.831,11195,41,M,None,OTA,2,Family,NONE,False,False,0.0,-0.51,True,83.56,6.53,False,150.87,7.98,Low,,,
36,2024-10-13,Flight,SIN,446.14,559.98,0.76,267,197,110316.06,0.738,12987,26,M,Gold,Corporate,82,Business,CAMP_A,True,False,0.45,-0.26,False,18.39,34.0,False,1557.62,31.83,Low,384.0,892.32,False
37,2024-02-07,Hotel,SYD,167.23,207.58,0.74,99,76,15776.08,0.768,22270,45,F,None,OTA,104,Business,NONE,False,False,0.0,0.15,True,29.48,6.14,False,134.02,22.01,Medium,,,
38,2024-03-11,Hotel,HKG,193.5,276.84,0.93,82,79,21870.36,0.963,42296,45,M,Silver,Direct,44,Leisure,CAMP_A,True,False,0.07,-1.21,False,45.95,5.08,False,157.63,6.64,Low,,,
39,2024-07-02,Flight,LHR,426.23,428.94,0.51,169,89,38175.66,0.527,22000,68,M,Gold,Direct,20,Leisure,CAMP_C,True,False,0.05,-0.13,False,121.11,34.11,False,1697.88,2.15,Low,3086.0,856.19,False
40,2024-12-23,Flight,SIN,524.74,729.64,0.89,397,350,255374.0,0.882,29653,50,M,Gold,Agent,38,Family,CAMP_C,True,False,0.14,0.17,False,37.52,26.82,True,2042.29,18.46,Low,4728.0,884.65,True
41,2024-11-09,Hotel,SIN,135.17,150.28,0.61,300,182,27350.96,0.607,32100,49,M,Silver,Agent,53,Business,CAMP_B,True,False,0.28,0.12,False,81.79,7.91,True,155.06,7.64,Low,,,
42,2024-09-26,Flight,CDG,337.76,440.97,0.81,286,231,101864.07,0.808,28291,43,F,None,Agent,65,Other,CAMP_A,True,True,0.31,-0.1,True,31.47,33.43,False,1550.34,36.55,Low,2775.0,782.77,False
43,2024-12-17,Flight,SIN,521.18,656.73,0.76,215,158,103763.34,0.735,13819,30,M,Silver,Agent,95,Family,NONE,False,False,0.0,-0.3,False,53.75,23.18,False,2012.51,39.65,Medium,1055.0,802.42,False
44,2024-11-07,Flight,JFK,580.96,670.77,0.65,147,99,66406.23,0.673,43523,50,F,Platinum,Corporate,74,Business,CAMP_B,True,True,0.37,0.77,False,54.79,42.19,False,1898.65,32.45,Medium,407.0,790.93,True
45,2024-08-29,Hotel,JFK,221.67,305.01,0.88,290,253,77167.53,0.872,23963,69,F,Gold,Agent,101,Leisure,CAMP_B,True,False,0.23,0.1,False,9.11,6.0,False,131.45,9.87,Medium,,,
46,2024-08-01,Flight,DXB,465.17,517.23,0.61,144,88,45516.24,0.611,35479,54,M,Silver,Direct,30,Leisure,NONE,False,False,0.0,0.54,False,15.71,29.98,False,1692.26,16.75,Low,1639.0,879.41,False
47,2024-10-15,Hotel,DXB,196.53,288.8,0.97,279,269,77687.2,0.964,13918,42,M,None,OTA,82,Leisure,NONE,False,False,0.0,-0.16,True,39.0,6.55,False,108.31,5.6,Low,,,
48,2024-08-21,Hotel,JFK,251.61,341.02,0.86,193,168,57291.36,0.87,18124,27,M,None,Corporate,63,Leisure,CAMP_B,True,False,0.29,0.38,False,110.93,11.12,False,195.2,8.4,Low,,,
49,2024-08-08,Hotel,SYD,176.4,174.04,0.49,66,32,5569.28,0.485,14730,50,M,Silver,OTA,71,Business,NONE,False,False,0.0,1.06,False,61.59,6.01,True,190.66,14.47,Medium,,,
50,2024-04-09,Hotel,SYD,210.94,247.25,0.67,247,166,41043.5,0.672,16439,38,F,None,Corporate,20,Leisure,NONE,False,False,0.0,0.13,True,19.42,10.8,False,170.0,18.77,Medium,,,
51,2024-09-09,Flight,HKG,667.65,936.05,0.9,386,346,323873.3,0.896,44561,54,M,None,OTA,112,Business,NONE,False,False,0.0,-0.66,True,28.95,35.95,False,1643.98,7.74,Low,2023.0,801.94,False
52,2024-05-30,Hotel,LHR,267.12,300.86,0.63,247,149,44828.14,0.603,15812,49,F,None,Direct,83,Business,CAMP_C,True,False,0.03,-0.52,True,114.58,7.0,False,216.55,5.06,High,,,
53,2024-05-31,Hotel,JFK,119.06,150.48,0.76,212,161,24227.28,0.759,14166,32,F,None,OTA,38,Business,CAMP_A,True,False,0.24,0.83,False,61.34,4.88,False,115.15,1.73,Low,,,
54,2024-02-07,Flight,LHR,377.76,391.78,0.54,390,205,80314.9,0.526,32277,38,M,Platinum,Corporate,43,Leisure,CAMP_A,True,False,0.5,-0.06,False,128.85,32.02,False,2077.49,17.02,Low,7055.0,830.51,False
55,2024-09-27,Flight,CDG,545.89,678.4,0.74,166,123,83443.2,0.741,38453,37,F,Gold,Direct,95,Other,CAMP_A,True,False,0.55,-0.24,False,13.58,37.82,False,1933.02,21.74,Low,9105.0,811.61,False
56,2024-10-21,Flight,SYD,512.81,536.64,0.55,303,163,87472.32,0.538,31952,56,M,None,OTA,1,Business,NONE,False,False,0.0,-0.55,True,42.0,29.76,False,1755.43,52.83,Medium,7596.0,797.52,False
57,2024-11-25,Flight,SIN,388.49,489.05,0.76,219,168,82160.4,0.767,11508,62,F,Silver,Direct,70,Leisure,CAMP_B,True,False,0.12,-0.24,False,81.7,24.43,False,2358.95,34.42,Medium,9488.0,825.57,False
58,2024-09-04,Hotel,SYD,285.76,359.65,0.76,171,127,45675.55,0.743,30004,26,F,Silver,Agent,21,Business,CAMP_A,True,False,0.58,-0.03,False,28.88,4.26,False,120.41,5.07,Medium,,,
59,2024-04-24,Hotel,HKG,175.43,272.5,1.05,268,268,73030.0,1.0,14303,38,F,None,OTA,69,Leisure,CAMP_A,True,False,0.46,0.02,False,74.86,8.49,True,126.47,9.76,Medium,,,
60,2024-08-11,Flight,LHR,188.79,241.44,0.78,328,256,61808.64,0.78,38283,49,M,Silver,Corporate,66,Leisure,CAMP_A,True,False,0.25,0.04,False,65.73,34.61,False,2473.72,21.97,Low,4192.0,892.8,False
61,2024-01-01,Hotel,HKG,127.84,118.1,0.42,140,63,7440.3,0.45,26648,62,F,Silver,Direct,16,Leisure,CAMP_C,True,True,0.42,0.53,True,23.48,5.59,False,119.26,4.79,High,,,
62,2024-09-29,Flight,HKG,552.11,690.7,0.75,129,94,64925.8,0.729,16596,20,M,Silver,OTA,52,Other,NONE,False,False,0.0,-0.24,False,112.72,33.28,False,1689.23,40.95,Low,12560.0,877.82,False
63,2024-11-21,Flight,HKG,404.89,463.47,0.64,161,107,49591.29,0.665,42436,60,F,Silver,Corporate,71,Family,CAMP_A,True,False,0.12,-0.41,False,38.32,30.8,False,2117.81,83.82,Medium,8932.0,853.36,False
64,2024-01-11,Flight,LHR,706.26,909.38,0.79,333,263,239166.94,0.79,28859,59,F,Gold,Agent,23,Business,NONE,False,False,0.0,-0.11,True,17.43,21.74,False,1509.76,33.1,Low,6254.0,892.3,False
65,2024-05-23,Hotel,SIN,205.22,196.09,0.46,92,38,7451.42,0.413,40154,42,M,None,Corporate,10,Leisure,CAMP_A,True,False,0.35,-0.4,False,37.66,7.3,False,227.55,0.55,Low,,,
66,2024-06-18,Hotel,SIN,170.94,212.91,0.75,96,72,15329.52,0.75,31290,48,F,Silver,Direct,62,Business,NONE,False,False,0.0,0.22,False,31.99,7.4,False,165.94,3.38,Medium,,,
67,2024-04-03,Hotel,LHR,274.71,403.82,0.97,236,226,91263.32,0.958,12251,19,F,Silver,Corporate,50,Business,CAMP_A,True,False,0.37,0.08,False,81.03,6.88,False,141.36,0.22,Low,,,
68,2024-07-05,Hotel,HKG,83.31,106.14,0.77,130,99,10507.86,0.762,29580,67,M,Gold,OTA,114,Other,NONE,False,False,0.0,1.08,True,44.19,5.68,True,114.12,3.52,Medium,,,
69,2024-08-29,Flight,CDG,563.86,670.67,0.69,125,84,56336.28,0.672,28909,31,F,Silver,Agent,44,Family,CAMP_B,True,False,0.37,0.83,False,36.32,27.52,False,2185.79,24.19,Low,2321.0,894.07,False
70,2024-02-07,Hotel,SYD,251.19,279.48,0.61,298,185,51703.8,0.621,16145,19,F,Gold,Agent,34,Business,CAMP_B,True,False,0.5,-0.6,False,24.18,8.98,False,133.43,4.67,Low,,,
71,2024-02-20,Flight,CDG,628.53,797.09,0.77,163,127,101230.43,0.779,49670,52,F,None,OTA,38,Business,NONE,False,False,0.0,1.11,True,64.92,25.74,False,2020.42,5.77,Low,14924.0,843.42,False
72,2024-07-19,Flight,DXB,360.73,431.69,0.7,183,126,54392.94,0.689,36927,56,F,Gold,OTA,36,Leisure,CAMP_C,True,False,0.6,-0.46,False,31.78,24.53,False,2179.88,9.12,Medium,620.0,851.16,False
73,2024-08-01,Hotel,HKG,269.32,332.36,0.73,70,47,15620.92,0.671,15950,21,M,Gold,Corporate,29,Leisure,CAMP_A,True,False,0.4,0.57,False,53.66,8.02,False,128.05,11.43,Medium,,,
74,2024-06-13,Hotel,CDG,190.7,250.99,0.82,149,122,30620.78,0.819,34576,28,M,Platinum,OTA,13,Leisure,CAMP_A,True,False,0.18,-0.2,True,67.88,7.8,False,138.04,9.11,Low,,,
75,2024-06-08,Flight,SIN,362.04,376.28,0.54,349,187,70364.36,0.536,22915,61,F,None,OTA,96,Leisure,NONE,False,False,0.0,-0.99,True,89.33,21.71,False,1938.48,7.5,Low,14313.0,848.76,False
76,2024-03-25,Flight,DXB,458.02,529.75,0.66,238,152,80522.0,0.639,17312,42,F,Silver,OTA,110,Business,CAMP_A,True,False,0.57,0.29,False,47.73,33.0,False,2189.12,48.26,Low,6826.0,781.81,False
77,2024-05-30,Hotel,SYD,253.03,347.31,0.87,241,211,73282.41,0.876,17344,22,M,Silver,OTA,17,Leisure,CAMP_C,True,False,0.42,-0.38,False,73.39,10.56,False,269.31,18.34,Low,,,
78,2024-12-07,Hotel,CDG,245.74,362.08,0.97,112,111,40190.88,0.991,33489,51,M,Gold,Direct,85,Leisure,CAMP_A,True,False,0.53,0.13,True,67.94,9.55,False,241.38,21.62,Low,,,
79,2024-05-07,Flight,CDG,467.73,566.81,0.71,373,266,150771.46,0.713,38897,46,F,Gold,OTA,13,Business,CAMP_A,True,False,0.25,0.06,False,143.47,30.27,False,2317.26,4.41,Low,6835.0,834.54,False
80,2024-02-04,Hotel,SIN,233.18,305.9,0.81,167,137,41908.3,0.82,10121,49,F,None,OTA,75,Leisure,CAMP_A,True,False,0.54,0.01,False,43.55,7.94,False,145.49,2.61,Low,,,
81,2024-08-08,Hotel,SIN,224.91,317.51,0.91,51,48,15240.48,0.941,47498,33,M,Silver,Direct,0,Family,NONE,False,False,0.0,0.11,True,14.55,8.07,False,147.48,6.63,Low,,,
82,2024-09-19,Hotel,CDG,204.19,247.82,0.71,61,38,9417.16,0.623,48244,19,F,None,OTA,67,Leisure,CAMP_C,True,False,0.01,0.19,True,90.29,9.22,False,166.49,17.48,Medium,,,
83,2024-03-26,Flight,CDG,233.54,310.0,0.83,265,221,68510.0,0.834,20296,42,M,Platinum,OTA,105,Business,NONE,False,False,0.0,0.24,False,95.53,29.58,False,1492.17,39.81,Low,7736.0,846.53,True
84,2024-02-02,Hotel,JFK,205.37,256.12,0.75,57,37,9476.44,0.649,34643,45,F,None,Agent,120,Business,NONE,False,False,0.0,0.42,True,27.98,7.74,False,108.5,2.67,Low,,,
85,2024-06-20,Hotel,LHR,215.63,220.61,0.52,134,74,16325.14,0.552,26848,37,M,None,Corporate,83,Business,CAMP_A,True,False,0.11,-0.32,False,66.73,8.22,False,160.16,7.53,Low,,,
86,2024-06-22,Hotel,JFK,205.31,285.71,0.89,131,117,33428.07,0.893,40279,68,M,None,Corporate,20,Business,CAMP_C,True,False,0.56,0.05,False,31.71,7.07,False,158.49,7.46,Low,,,
87,2024-07-16,Flight,LHR,340.71,455.06,0.84,257,216,98292.96,0.84,13355,68,M,None,Agent,24,Business,CAMP_B,True,True,0.47,-0.28,True,40.21,26.98,False,1746.67,16.18,Low,2819.0,802.59,False
88,2024-08-14,Hotel,DXB,215.97,332.67,1.04,59,59,19627.53,1.0,28060,45,M,Silver,Corporate,33,Family,NONE,False,False,0.0,0.12,False,53.86,7.81,False,128.7,11.55,High,,,
89,2024-05-12,Hotel,SIN,308.55,400.29,0.8,245,193,77255.97,0.788,21610,45,F,Silver,Agent,110,Business,CAMP_B,True,False,0.15,0.28,True,34.3,6.68,False,195.15,9.45,Low,,,
90,2024-05-06,Flight,DXB,531.8,697.25,0.81,125,98,68330.5,0.784,24100,45,F,None,Corporate,58,Other,NONE,False,False,0.0,0.16,False,80.1,29.6,False,2371.97,12.89,Low,3678.0,971.31,False
91,2024-07-22,Flight,CDG,640.93,916.93,0.93,149,138,126536.34,0.926,43281,25,F,None,Agent,24,Business,NONE,False,False,0.0,-0.95,False,61.21,33.1,False,2252.76,16.98,Low,6728.0,809.24,False
92,2024-12-24,Flight,DXB,477.91,575.82,0.7,245,170,97889.4,0.694,18692,60,M,Silver,Corporate,99,Business,NONE,False,False,0.0,0.44,False,69.53,31.63,False,2426.93,8.5,Low,11497.0,861.93,False
93,2024-03-26,Flight,HKG,348.26,354.22,0.52,152,74,26212.28,0.487,29079,24,F,Silver,Agent,53,Family,CAMP_C,True,False,0.38,0.45,False,59.49,25.07,False,2661.75,17.1,Low,1287.0,880.94,False
94,2024-11-04,Flight,HKG,455.59,555.98,0.72,349,246,136771.08,0.705,40139,52,M,Gold,Direct,60,Other,CAMP_A,True,False,0.32,-0.49,True,27.51,26.29,False,1873.79,37.16,Low,6561.0,841.65,False
95,2024-11-19,Hotel,CDG,193.09,227.76,0.68,244,163,37124.88,0.668,36237,37,F,Silver,Agent,107,Business,NONE,False,False,0.0,-0.52,False,173.73,7.09,True,114.67,31.87,Medium,,,
96,2024-08-27,Flight,LHR,750.25,987.65,0.82,281,230,227159.5,0.819,18407,61,F,Silver,OTA,31,Other,CAMP_B,True,False,0.23,0.12,False,61.72,33.13,False,1742.53,41.37,Low,6341.0,905.67,False
97,2024-03-06,Hotel,HKG,245.09,323.52,0.82,286,235,76027.2,0.822,40150,48,F,Gold,Agent,32,Family,CAMP_B,True,False,0.19,1.1,False,9.64,7.71,False,117.52,1.65,Medium,,,
98,2024-11-11,Hotel,SIN,215.03,263.27,0.72,173,122,32118.94,0.705,31955,28,M,Gold,Agent,109,Leisure,NONE,False,False,0.0,-0.02,False,106.12,5.26,False,114.89,12.27,Low,,,
99,2024-03-23,Hotel,DXB,237.04,305.67,0.79,161,122,37291.74,0.758,38504,47,M,None,Direct,67,Family,CAMP_B,True,False,0.35,0.37,True,164.55,3.73,False,158.91,14.31,Medium,,,
100,2024-12-25,Hotel,LHR,136.84,171.38,0.75,278,207,35475.66,0.745,37512,58,M,Platinum,OTA,87,Other,CAMP_A,True,False,0.16,-0.08,True,7.73,8.69,False,173.41,0.22,Low,,,
101,2024-04-25,Flight,JFK,456.91,610.54,0.84,287,243,148361.22,0.847,32771,67,M,None,OTA,114,Leisure,NONE,False,False,0.0,-0.01,False,88.15,35.98,True,1929.18,15.67,Low,896.0,831.19,True
102,2024-02-09,Flight,DXB,632.5,908.29,0.94,236,220,199823.8,0.932,23164,64,M,None,Corporate,41,Business,CAMP_A,True,True,0.11,0.85,True,107.23,32.76,False,1975.24,11.11,Low,2315.0,887.31,False
103,2024-09-16,Hotel,LHR,161.09,222.87,0.88,180,159,35436.33,0.883,44127,49,F,Silver,OTA,49,Leisure,NONE,False,False,0.0,-0.16,True,130.97,4.59,False,137.97,7.63,Medium,,,
104,2024-10-22,Flight,SIN,488.7,672.57,0.88,255,222,149310.54,0.871,28249,39,F,Platinum,Direct,29,Business,CAMP_B,True,True,0.54,-1.02,True,66.82,36.24,False,1866.12,15.2,Low,11464.0,877.5,False
105,2024-12-13,Hotel,DXB,132.55,150.52,0.64,203,125,18815.0,0.616,45842,32,F,None,Corporate,57,Family,CAMP_A,True,False,0.16,0.44,False,113.83,8.05,False,151.3,16.25,Low,,,
106,2024-02-14,Hotel,CDG,167.37,179.53,0.57,264,150,26929.5,0.568,32174,34,F,None,Direct,66,Other,CAMP_B,True,False,0.19,-0.28,True,7.75,10.71,False,115.58,1.98,Medium,,,
107,2024-02-12,Hotel,DXB,163.46,237.43,0.95,162,157,37276.51,0.969,46220,19,F,Silver,Corporate,25,Family,CAMP_A,True,False,0.59,0.17,True,23.55,3.97,False,186.52,3.59,Low,,,
108,2024-11-05,Hotel,HKG,160.27,181.93,0.64,266,163,29654.59,0.613,18677,26,M,Gold,Direct,89,Business,CAMP_B,True,True,0.26,-0.13,False,35.21,11.77,False,140.82,10.0,Low,,,
109,2024-09-06,Hotel,SIN,175.84,181.48,0.53,88,47,8529.56,0.534,13222,68,M,Silver,Direct,70,Business,CAMP_C,True,False,0.35,0.6,False,16.07,8.21,False,167.24,8.61,Medium,,,
110,2024-09-09,Flight,JFK,463.81,510.45,0.6,258,152,77588.4,0.589,37405,59,M,None,Agent,53,Business,CAMP_C,True,False,0.08,0.0,False,40.67,35.42,False,1587.67,5.86,Medium,8589.0,762.15,False
111,2024-08-02,Flight,HKG,574.73,650.91,0.63,156,97,63138.27,0.622,32917,20,M,Gold,Direct,102,Leisure,NONE,False,False,0.0,0.72,False,18.36,34.06,False,1891.73,4.84,Medium,7388.0,921.64,False
112,2024-07-01,Flight,SIN,482.41,631.38,0.81,151,123,77659.74,0.815,49440,50,F,Gold,Corporate,39,Leisure,CAMP_C,True,True,0.32,0.62,True,19.42,28.42,False,1535.79,23.13,Low,6592.0,842.29,False
113,2024-09-24,Hotel,CDG,183.2,203.69,0.61,251,151,30757.19,0.602,15895,45,F,Platinum,Corporate,92,Business,CAMP_A,True,False,0.09,0.15,True,11.26,8.9,False,182.42,15.83,Low,,,
114,2024-08-20,Hotel,HKG,177.35,232.14,0.81,117,90,20892.6,0.769,38844,57,F,Platinum,Corporate,113,Business,CAMP_A,True,False,0.09,0.19,False,73.73,8.69,False,196.03,2.93,Low,,,
115,2024-03-05,Flight,CDG,352.6,459.74,0.8,253,204,93786.96,0.806,23912,49,M,None,Agent,108,Leisure,CAMP_B,True,True,0.42,-0.23,False,14.7,32.55,False,1557.81,13.35,Low,3659.0,751.16,False
116,2024-04-11,Flight,SIN,393.08,456.65,0.66,388,257,117359.05,0.662,40381,20,M,None,Direct,66,Business,CAMP_A,True,True,0.57,0.47,True,56.0,24.96,False,2279.16,23.56,Medium,8363.0,842.97,False
117,2024-05-09,Flight,CDG,548.35,721.61,0.82,275,226,163083.86,0.822,24589,32,M,None,Direct,53,Other,CAMP_B,True,False,0.29,-0.52,False,51.5,25.02,False,1799.12,49.61,Low,14674.0,815.48,False
118,2024-03-02,Flight,LHR,466.0,502.77,0.58,328,192,96531.84,0.585,28416,31,F,None,Direct,24,Business,NONE,False,False,0.0,0.58,True,24.25,26.53,False,1970.91,14.91,High,12183.0,875.57,False
119,2024-10-08,Hotel,LHR,221.44,311.95,0.91,84,75,23396.25,0.893,28276,54,M,Silver,Agent,109,Leisure,NONE,False,False,0.0,0.27,True,81.77,6.27,False,118.38,0.76,Medium,,,
120,2024-07-25,Hotel,SYD,256.97,257.76,0.5,212,101,26033.76,0.476,29207,55,M,None,Direct,94,Other,CAMP_C,True,False,0.46,0.36,False,47.69,6.53,False,176.8,33.46,Low,,,
121,2024-05-13,Flight,JFK,278.41,419.18,1.01,177,175,73356.5,0.989,33372,64,M,None,OTA,94,Business,CAMP_A,True,False,0.24,-0.2,True,18.86,30.65,False,1852.42,19.37,Low,1323.0,848.51,False
122,2024-10-31,Flight,SIN,433.12,499.14,0.65,328,215,107315.1,0.655,27340,32,M,Gold,OTA,72,Leisure,CAMP_A,True,False,0.27,-0.95,True,54.43,24.1,False,2282.82,28.87,Medium,11784.0,853.97,False
123,2024-01-29,Flight,DXB,559.26,738.88,0.82,197,163,120437.44,0.827,37620,62,M,None,Agent,45,Business,CAMP_A,True,False,0.51,-0.61,False,31.88,32.0,False,1697.85,30.75,Medium,11496.0,758.87,False
124,2024-01-28,Hotel,JFK,76.93,117.35,1.03,105,105,12321.75,1.0,49783,68,M,None,Direct,108,Leisure,NONE,False,False,0.0,0.1,False,16.88,9.61,False,124.22,13.58,Low,,,
125,2024-05-29,Hotel,LHR,165.28,231.96,0.9,281,253,58685.88,0.9,22976,25,M,Platinum,Agent,58,Business,CAMP_A,True,False,0.56,-0.45,False,68.67,8.43,False,85.22,11.3,Low,,,
126,2024-07-10,Flight,SYD,465.89,524.55,0.63,380,236,123793.8,0.621,24175,62,F,Silver,Corporate,17,Business,CAMP_B,True,False,0.3,0.48,True,39.54,25.36,False,2041.28,9.09,Low,7015.0,871.14,False
127,2024-07-12,Flight,SIN,675.25,794.45,0.68,285,191,151739.95,0.67,43403,24,M,None,Corporate,119,Business,NONE,False,False,0.0,0.41,True,33.24,25.87,False,1638.21,52.76,Medium,6665.0,853.68,False
128,2024-02-17,Hotel,JFK,238.55,312.26,0.81,171,138,43091.88,0.807,25379,62,F,None,Corporate,83,Leisure,CAMP_A,True,False,0.44,0.22,False,67.91,6.7,False,147.27,2.92,Low,,,
129,2024-07-31,Hotel,CDG,218.1,252.33,0.66,209,132,33307.56,0.632,38584,61,F,Silver,Direct,40,Family,CAMP_B,True,False,0.16,0.78,True,98.29,7.24,False,90.14,9.39,Low,,,
130,2024-04-15,Flight,HKG,275.23,361.66,0.81,339,279,100903.14,0.823,37091,48,F,Silver,Direct,66,Business,CAMP_B,True,False,0.25,0.19,True,75.8,32.27,False,2243.63,40.51,Low,9463.0,824.02,False
131,2024-09-23,Hotel,DXB,325.05,443.84,0.87,53,42,18641.28,0.792,42120,45,M,None,Corporate,117,Other,CAMP_A,True,False,0.34,0.28,False,53.41,9.65,False,153.8,8.25,Medium,,,
132,2024-01-16,Hotel,CDG,238.51,255.58,0.57,166,89,22746.62,0.536,19711,39,M,Gold,Direct,107,Family,CAMP_B,True,True,0.19,0.04,False,72.83,9.74,False,222.86,15.71,Low,,,
133,2024-06-01,Hotel,SIN,302.81,409.63,0.85,262,223,91347.49,0.851,41581,29,F,None,OTA,33,Leisure,CAMP_A,True,True,0.28,0.77,True,19.42,11.51,False,138.53,9.77,Medium,,,
134,2024-10-02,Hotel,SIN,263.73,288.06,0.59,117,66,19011.96,0.564,23363,38,M,None,OTA,41,Business,CAMP_A,True,False,0.45,-0.32,False,24.62,9.2,False,175.47,1.25,Low,,,
135,2024-02-03,Hotel,LHR,175.88,173.4,0.49,223,111,19247.4,0.498,36401,45,F,Silver,OTA,118,Business,CAMP_B,True,False,0.34,-0.39,True,81.39,9.09,False,246.08,13.76,High,,,
136,2024-04-25,Flight,LHR,642.28,750.01,0.67,354,234,175502.34,0.661,33423,55,F,None,OTA,85,Leisure,CAMP_B,True,False,0.12,-0.16,False,90.46,31.22,False,2029.66,69.53,Low,8089.0,879.66,False
137,2024-01-11,Flight,DXB,497.16,615.86,0.74,131,94,57890.84,0.718,11154,62,F,Silver,OTA,70,Business,CAMP_A,True,False,0.17,-0.28,False,42.45,26.22,False,2212.4,14.91,Medium,12885.0,839.53,False
138,2024-02-21,Hotel,HKG,231.34,276.79,0.7,250,171,47331.09,0.684,46697,21,M,Silver,Agent,72,Family,CAMP_A,True,False,0.06,0.19,False,17.72,10.21,False,152.53,2.09,Low,,,
139,2024-05-07,Hotel,HKG,103.85,88.57,0.35,115,43,3808.51,0.374,14329,62,M,Gold,Agent,53,Business,CAMP_B,True,False,0.11,0.41,True,45.29,9.35,False,159.04,4.5,Low,,,
140,2024-08-22,Hotel,SIN,256.72,367.5,0.93,290,273,100327.5,0.941,49076,24,F,None,Corporate,112,Family,NONE,False,False,0.0,0.71,False,93.86,8.5,False,149.28,3.4,Low,,,
141,2024-08-22,Hotel,SIN,209.88,245.35,0.67,260,173,42445.55,0.665,22122,21,F,None,Corporate,119,Other,CAMP_C,True,False,0.3,-0.29,False,30.81,8.51,False,121.61,3.57,Low,,,
142,2024-08-10,Hotel,LHR,210.74,232.05,0.6,214,126,29238.3,0.589,15781,46,M,Platinum,OTA,76,Leisure,CAMP_C,True,False,0.06,0.03,False,34.58,4.83,True,166.64,4.22,Low,,,
143,2024-08-29,Flight,CDG,404.58,564.92,0.9,212,186,105075.12,0.877,46059,43,F,Platinum,Corporate,106,Business,CAMP_A,True,False,0.33,-0.43,False,44.07,34.0,False,1857.13,87.96,Low,765.0,818.7,False
144,2024-05-04,Flight,SIN,356.97,489.44,0.87,394,340,166409.6,0.863,29796,45,M,Silver,Agent,25,Leisure,CAMP_A,True,True,0.43,-0.17,False,52.51,33.46,False,2022.82,44.12,Low,13802.0,741.69,False
145,2024-08-11,Hotel,LHR,204.79,236.29,0.65,122,81,19139.49,0.664,46793,36,F,None,Direct,38,Other,CAMP_C,True,False,0.36,-0.46,False,39.06,5.63,False,100.56,13.44,Low,,,
146,2024-08-31,Flight,CDG,606.98,743.01,0.72,202,147,109222.47,0.728,47307,60,M,None,Direct,111,Leisure,NONE,False,False,0.0,-0.34,False,97.74,23.79,False,1814.45,67.9,Low,13806.0,816.42,False
147,2024-12-20,Flight,DXB,382.3,488.68,0.78,378,297,145137.96,0.786,13219,42,M,None,Agent,84,Leisure,CAMP_A,True,False,0.55,-0.7,False,128.82,35.25,False,2399.74,37.97,Low,9035.0,893.6,False
148,2024-02-12,Hotel,DXB,233.74,296.65,0.77,81,64,18985.6,0.79,46363,51,M,Gold,Direct,34,Business,CAMP_B,True,False,0.33,-0.64,True,154.91,9.52,False,210.42,11.86,Low,,,
149,2024-11-09,Hotel,HKG,254.25,270.02,0.56,80,42,11340.84,0.525,44554,49,F,Silver,Corporate,80,Business,CAMP_A,True,False,0.04,0.77,False,40.79,7.83,False,106.37,0.66,Low,,,
150,2024-07-30,Hotel,DXB,258.8,262.73,0.52,133,70,18391.1,0.526,22298,32,M,Gold,Agent,23,Family,NONE,False,False,0.0,0.02,True,98.15,9.0,False,104.43,3.88,Low,,,
151,2024-01-11,Flight,LHR,596.38,423.46,0.21,333,68,28795.28,0.204,20644,54,M,Platinum,Corporate,7,Business,CAMP_A,True,True,0.54,0.14,True,41.15,25.28,False,1176.18,20.58,Medium,5732.0,797.01,False
152,2024-12-18,Hotel,SIN,207.48,220.99,0.57,184,106,23424.94,0.576,36732,24,F,Gold,Agent,97,Family,NONE,False,False,0.0,1.26,False,28.76,7.07,False,206.6,8.81,Medium,,,
153,2024-09-17,Hotel,HKG,172.36,271.78,1.08,114,114,30982.92,1.0,14599,18,F,Gold,OTA,115,Leisure,CAMP_A,True,True,0.58,0.31,True,33.37,5.68,False,177.1,1.36,Low,,,
154,2024-11-28,Flight,JFK,365.73,505.1,0.88,394,346,174764.6,0.878,23057,23,M,None,Corporate,31,Leisure,CAMP_A,True,False,0.27,-0.13,False,128.98,36.2,False,1584.08,18.84,Low,10660.0,974.3,False
155,2024-01-18,Hotel,LHR,104.51,149.77,0.93,148,135,20218.95,0.912,16764,29,F,None,Corporate,78,Family,CAMP_A,True,False,0.29,-0.02,False,5.72,9.19,False,90.03,14.83,Low,,,
156,2024-01-09,Flight,SYD,351.09,358.64,0.52,254,136,48775.04,0.535,43148,48,F,None,Agent,21,Family,NONE,False,False,0.0,0.85,False,15.07,28.56,False,2016.23,5.25,Low,8957.0,819.91,False
157,2024-02-01,Flight,JFK,518.69,583.35,0.62,274,174,101502.9,0.635,34331,18,M,Silver,OTA,8,Leisure,CAMP_B,True,True,0.06,0.32,False,83.7,28.36,False,1980.31,5.24,Low,4620.0,934.72,False
158,2024-05-12,Hotel,DXB,278.26,404.72,0.95,106,101,40876.72,0.953,45032,61,F,Gold,Agent,13,Family,NONE,False,False,0.0,0.69,True,83.53,10.31,False,197.15,20.06,Low,,,
159,2024-03-21,Hotel,SYD,243.61,242.41,0.5,85,43,10423.63,0.506,39266,62,M,Gold,Corporate,43,Leisure,CAMP_B,True,False,0.49,0.3,True,67.63,11.56,False,261.67,7.68,Low,,,
160,2024-03-06,Hotel,CDG,183.31,209.83,0.64,158,99,20773.17,0.627,26178,35,M,None,Direct,109,Business,CAMP_C,True,False,0.25,-0.0,True,76.16,6.01,False,113.59,15.0,Low,,,
161,2024-08-28,Hotel,SYD,240.53,249.27,0.54,282,152,37889.04,0.539,29979,32,F,Gold,OTA,104,Business,NONE,False,False,0.0,0.72,True,174.89,5.13,False,133.98,14.4,Low,,,
162,2024-09-04,Hotel,JFK,200.22,247.39,0.74,66,47,11627.33,0.712,30932,47,M,Gold,Corporate,35,Leisure,NONE,False,False,0.0,-0.87,False,51.47,7.54,False,62.81,11.53,Medium,,,
163,2024-03-08,Hotel,JFK,193.44,277.48,0.93,297,276,76584.48,0.929,45036,25,F,None,Agent,104,Leisure,CAMP_B,True,False,0.38,-1.04,True,26.6,7.88,False,212.89,7.81,Medium,,,
164,2024-05-22,Hotel,JFK,214.25,293.95,0.87,102,92,27043.4,0.902,35843,33,F,Platinum,OTA,108,Leisure,CAMP_A,True,True,0.51,0.59,True,32.74,9.8,False,107.63,28.31,Low,,,
165,2024-12-31,Flight,HKG,633.87,673.01,0.56,381,211,142005.11,0.554,25472,47,F,Platinum,OTA,39,Business,NONE,False,False,0.0,-0.33,True,102.21,29.96,False,1814.39,23.91,Low,5190.0,860.19,False
166,2024-06-19,Hotel,LHR,160.99,210.66,0.81,140,116,24436.56,0.829,20419,23,F,None,OTA,110,Business,NONE,False,False,0.0,0.63,False,28.16,4.27,False,158.28,8.54,Low,,,
167,2024-08-29,Flight,SYD,385.27,526.71,0.87,172,144,75846.24,0.837,17970,53,M,None,Agent,11,Business,NONE,False,False,0.0,0.96,True,20.09,28.09,False,2576.18,13.22,Low,9377.0,910.55,False
168,2024-06-27,Hotel,CDG,152.41,177.4,0.66,220,148,26255.2,0.673,27745,52,F,None,Corporate,61,Leisure,CAMP_B,True,False,0.15,-1.0,False,18.74,12.8,False,141.3,11.95,Medium,,,
169,2024-05-28,Hotel,CDG,229.99,341.25,0.98,300,291,99303.75,0.97,34240,59,F,None,Agent,90,Business,CAMP_A,True,False,0.05,-0.66,False,26.44,6.26,False,158.62,9.01,Low,,,
170,2024-08-29,Hotel,HKG,199.44,217.87,0.59,202,120,26144.4,0.594,16550,60,F,None,OTA,13,Leisure,CAMP_C,True,True,0.02,0.91,False,78.35,8.08,False,131.49,5.88,Low,,,
171,2024-09-11,Hotel,CDG,205.9,212.64,0.53,244,128,27217.92,0.525,42863,40,M,None,Agent,8,Business,NONE,False,False,0.0,1.15,False,18.67,9.3,False,142.09,3.68,Low,,,
172,2024-02-11,Hotel,CDG,122.04,152.74,0.75,85,59,9011.66,0.694,20345,30,F,None,Direct,104,Leisure,CAMP_A,True,False,0.04,0.24,True,64.45,7.24,False,163.97,4.72,Medium,,,
173,2024-07-28,Flight,CDG,334.93,431.75,0.79,209,164,70807.0,0.785,13487,40,M,None,Direct,56,Family,CAMP_A,True,False,0.43,-0.99,False,68.19,27.13,False,2064.32,34.13,Medium,6503.0,842.29,False
174,2024-07-06,Hotel,SYD,127.59,160.93,0.76,167,126,20277.18,0.754,48168,44,M,None,Corporate,41,Business,CAMP_A,True,True,0.55,-0.25,False,37.11,6.91,False,102.63,5.25,Low,,,
175,2024-08-12,Hotel,CDG,293.52,313.26,0.57,176,101,31639.26,0.574,13146,54,F,None,OTA,38,Leisure,CAMP_B,True,False,0.35,-0.53,True,58.1,8.2,True,139.5,3.06,Low,,,
176,2024-06-17,Hotel,SYD,252.85,330.02,0.81,136,107,35312.14,0.787,31977,20,F,Silver,Agent,64,Leisure,NONE,False,False,0.0,-0.2,False,106.19,5.04,False,218.74,9.62,Low,,,
177,2024-03-12,Hotel,JFK,207.79,254.15,0.72,93,65,16519.75,0.699,20622,43,M,None,OTA,99,Leisure,NONE,False,False,0.0,0.13,False,95.99,7.16,False,121.95,25.57,Medium,,,
178,2024-12-26,Flight,JFK,564.25,667.92,0.68,394,272,181674.24,0.69,48337,56,M,None,OTA,15,Family,NONE,False,False,0.0,0.28,False,67.59,32.52,False,2184.13,35.6,Low,14594.0,887.38,False
179,2024-05-27,Flight,CDG,528.06,635.89,0.7,354,246,156428.94,0.695,49031,44,F,Silver,Direct,21,Business,CAMP_C,True,False,0.23,-0.38,True,80.49,26.03,False,2228.36,79.85,Low,14058.0,826.24,False
180,2024-02-19,Hotel,CDG,253.51,308.03,0.72,108,77,23718.31,0.713,34150,56,F,Silver,Direct,91,Other,NONE,False,False,0.0,-0.27,False,27.17,4.9,False,148.42,2.67,Low,,,
181,2024-11-26,Flight,LHR,296.55,351.46,0.69,198,134,47095.64,0.677,18644,53,F,None,Corporate,8,Business,CAMP_A,True,True,0.44,0.19,False,27.85,41.69,False,1849.78,10.06,Low,4423.0,793.4,False
182,2024-03-10,Flight,HKG,618.37,436.2,0.21,253,48,20937.6,0.19,44202,24,F,Silver,OTA,96,Leisure,CAMP_B,True,False,0.6,0.49,True,89.06,29.39,False,2316.69,22.58,Low,11876.0,813.82,False
183,2024-08-27,Hotel,CDG,293.73,371.84,0.77,170,128,47595.52,0.753,16693,46,M,None,Direct,74,Leisure,CAMP_A,True,False,0.27,-0.12,False,37.76,8.23,False,87.45,2.35,Low,,,
184,2024-08-04,Hotel,SIN,182.97,216.93,0.69,261,176,38179.68,0.674,45697,54,M,Silver,Agent,64,Leisure,NONE,False,False,0.0,0.24,True,24.26,8.8,False,181.19,10.04,Low,,,
185,2024-12-05,Hotel,SIN,194.32,191.67,0.49,272,127,24342.09,0.467,30447,44,F,None,OTA,73,Family,CAMP_B,True,False,0.5,0.65,True,63.72,10.24,False,116.55,7.55,High,,,
186,2024-10-31,Hotel,LHR,203.31,273.12,0.84,138,120,32774.4,0.87,19947,61,M,None,OTA,44,Leisure,CAMP_B,True,False,0.03,-0.17,True,87.58,7.36,False,104.99,16.32,Low,,,
187,2024-10-25,Hotel,LHR,198.88,261.84,0.82,221,176,46083.84,0.796,22850,39,M,Gold,OTA,46,Leisure,CAMP_B,True,True,0.1,0.15,True,25.26,7.6,False,155.55,3.9,Low,,,
188,2024-08-05,Hotel,CDG,230.54,374.34,1.12,144,144,53904.96,1.0,33115,37,F,None,Corporate,24,Business,CAMP_A,True,False,0.32,0.59,False,10.78,6.15,False,139.94,11.13,Low,,,
189,2024-02-26,Hotel,DXB,146.31,183.93,0.76,135,103,18944.79,0.763,46797,41,M,Silver,Agent,62,Other,CAMP_C,True,True,0.44,-0.56,False,28.79,7.47,True,150.1,14.24,Low,,,
190,2024-06-08,Hotel,SYD,204.29,291.31,0.93,281,263,76614.53,0.936,47913,37,F,Silver,Corporate,80,Leisure,NONE,False,False,0.0,-0.06,False,128.88,8.5,False,131.04,7.85,Low,,,
191,2024-04-21,Hotel,CDG,229.66,236.53,0.53,281,151,35716.03,0.537,23068,35,F,Gold,OTA,2,Business,CAMP_B,True,False,0.47,0.82,True,39.09,6.18,False,53.69,11.64,Medium,,,
192,2024-02-25,Flight,SIN,579.52,819.2,0.91,294,264,216268.8,0.898,43949,29,M,Silver,Corporate,65,Business,CAMP_A,True,True,0.01,-0.39,False,41.86,25.33,False,1834.73,60.32,Low,11888.0,858.1,False
193,2024-12-03,Flight,SIN,713.67,904.5,0.77,312,238,215271.0,0.763,23421,45,F,None,Direct,20,Business,NONE,False,False,0.0,0.87,True,94.94,28.0,False,1813.16,10.02,Low,6603.0,895.8,False
194,2024-11-16,Hotel,CDG,247.73,345.43,0.89,69,65,22452.95,0.942,10376,46,M,Gold,Direct,116,Business,CAMP_A,True,True,0.47,-0.05,False,91.17,8.58,False,90.8,4.69,Low,,,
195,2024-08-16,Flight,SIN,411.89,469.5,0.64,178,108,50706.0,0.607,21167,25,M,None,Direct,20,Leisure,CAMP_B,True,False,0.09,0.49,False,98.47,31.61,False,2098.17,61.81,High,10435.0,858.65,False
196,2024-06-17,Hotel,SYD,251.43,304.39,0.71,299,212,64530.68,0.709,15484,51,M,Gold,Agent,108,Leisure,CAMP_C,True,True,0.31,-0.12,True,26.22,9.88,False,153.07,1.36,Medium,,,
197,2024-10-30,Hotel,DXB,180.48,237.73,0.82,243,202,48021.46,0.831,34271,26,F,None,Corporate,71,Leisure,CAMP_A,True,True,0.46,0.21,False,46.3,9.43,False,117.8,2.38,Low,,,
198,2024-01-27,Hotel,HKG,252.29,348.3,0.88,128,110,38313.0,0.859,20555,31,M,Platinum,Agent,120,Leisure,CAMP_A,True,True,0.2,-0.13,True,54.34,9.18,False,166.82,11.5,Low,,,
199,2024-11-21,Hotel,HKG,297.07,405.14,0.86,96,85,34436.9,0.885,12645,51,F,Platinum,Direct,105,Business,CAMP_C,True,False,0.32,-0.38,True,63.4,9.42,False,193.05,2.07,Low,,,
200,2024-06-23,Hotel,HKG,254.01,349.67,0.88,271,237,82871.79,0.875,48193,25,M,Silver,OTA,61,Leisure,CAMP_C,True,False,0.43,-0.51,True,55.2,8.65,False,132.18,3.31,Low,,,
201,2024-01-04,Hotel,HKG,189.83,259.34,0.87,262,221,57314.14,0.844,26945,68,M,Platinum,Direct,36,Leisure,NONE,False,False,0.0,-0.84,False,41.89,7.25,False,128.33,0.29,Medium,,,
202,2024-09-02,Flight,JFK,516.48,706.73,0.87,264,226,159720.98,0.856,37406,56,M,None,Direct,99,Family,CAMP_C,True,False,0.45,-0.37,True,152.62,29.07,False,2361.31,24.02,Low,6101.0,825.24,False
203,2024-06-26,Hotel,DXB,164.16,214.57,0.81,227,182,39051.74,0.802,43106,57,M,None,Corporate,66,Leisure,CAMP_C,True,False,0.27,-0.16,True,88.17,7.63,False,177.69,9.21,Low,,,
204,2024-04-02,Hotel,CDG,240.76,285.22,0.68,242,168,47916.96,0.694,28775,66,M,None,Corporate,27,Business,CAMP_B,True,False,0.43,0.57,False,29.61,4.35,False,98.88,16.73,Low,,,
205,2024-09-12,Hotel,LHR,220.26,290.29,0.82,291,241,69959.89,0.828,47434,33,F,Gold,Corporate,9,Leisure,NONE,False,False,0.0,-0.21,False,187.79,8.94,True,153.93,22.02,Low,,,
206,2024-01-16,Hotel,SYD,124.25,145.54,0.67,297,199,28962.46,0.67,35815,51,M,Gold,Direct,7,Business,NONE,False,False,0.0,0.63,False,11.1,6.84,False,165.62,0.42,Medium,,,
207,2024-01-23,Hotel,JFK,171.78,227.26,0.82,58,45,10226.7,0.776,14077,35,M,Gold,OTA,40,Business,CAMP_C,True,False,0.55,-0.23,False,47.53,6.03,False,118.62,22.61,Low,,,
208,2024-12-03,Hotel,SYD,242.09,265.82,0.6,243,145,38543.9,0.597,45817,61,M,Silver,Agent,32,Family,CAMP_A,True,False,0.49,0.07,True,66.33,5.74,False,173.27,2.97,Low,,,
209,2024-05-03,Hotel,SIN,215.77,249.28,0.66,169,112,27919.36,0.663,15444,59,F,None,Direct,110,Leisure,NONE,False,False,0.0,0.45,False,11.41,9.45,False,143.36,5.37,Low,,,
210,2024-01-14,Flight,SIN,413.35,473.09,0.64,196,130,61501.7,0.663,12351,33,F,None,Agent,86,Leisure,CAMP_A,True,False,0.23,0.55,True,38.25,39.93,False,1724.15,33.55,Low,1682.0,854.85,False
211,2024-12-02,Hotel,LHR,124.71,139.74,0.62,80,52,7266.48,0.65,46435,63,M,Silver,OTA,120,Business,CAMP_A,True,False,0.48,0.02,False,110.22,4.25,False,199.7,1.1,Low,,,
212,2024-09-04,Flight,JFK,722.94,905.97,0.75,252,191,173040.27,0.758,14365,40,M,Silver,OTA,41,Other,CAMP_C,True,False,0.19,-0.02,False,33.17,34.79,True,1786.84,0.05,Low,6263.0,824.47,False
213,2024-03-22,Flight,HKG,540.21,606.34,0.62,170,107,64878.38,0.629,38795,34,M,None,Agent,28,Business,NONE,False,False,0.0,0.76,False,21.37,42.43,False,2077.81,42.39,Low,11027.0,838.65,False
214,2024-07-14,Hotel,SIN,236.52,277.8,0.67,60,41,11389.8,0.683,38368,37,F,None,OTA,81,Business,CAMP_C,True,False,0.16,-0.62,False,41.14,6.75,False,130.37,0.74,Low,,,
215,2024-12-16,Flight,DXB,501.64,655.83,0.81,308,243,159366.69,0.789,34324,51,F,Gold,Agent,70,Business,CAMP_A,True,False,0.26,-0.36,False,35.09,36.38,False,2141.94,11.58,Low,3588.0,854.85,False
216,2024-01-11,Flight,LHR,472.12,535.16,0.63,216,132,70641.12,0.611,37675,20,M,Silver,Agent,95,Family,CAMP_B,True,False,0.01,-0.67,True,25.86,27.77,False,1948.09,0.04,Medium,8649.0,837.95,False
217,2024-01-27,Hotel,LHR,174.35,240.06,0.88,121,104,24966.24,0.86,21720,54,F,None,Corporate,17,Family,CAMP_C,True,True,0.33,0.03,False,43.14,7.95,True,155.34,1.94,Low,,,
218,2024-03-17,Flight,DXB,352.59,472.19,0.84,306,259,122297.21,0.846,16581,19,M,Silver,OTA,106,Leisure,CAMP_A,True,True,0.04,-0.5,False,25.83,30.8,False,1754.37,2.66,Low,1860.0,837.5,False
219,2024-07-07,Hotel,LHR,83.48,111.74,0.84,295,249,27823.26,0.844,23117,58,M,Gold,Corporate,112,Leisure,CAMP_C,True,False,0.41,0.84,True,21.44,7.17,False,121.92,16.62,Low,,,
220,2024-03-25,Hotel,SYD,205.98,257.22,0.75,213,156,40126.32,0.732,23963,39,M,None,Direct,49,Business,CAMP_A,True,False,0.17,0.64,True,52.06,3.93,False,166.55,0.06,Low,,,
221,2024-06-02,Hotel,LHR,182.3,252.67,0.89,131,117,29562.39,0.893,30926,19,M,None,Corporate,115,Business,CAMP_A,True,True,0.46,0.76,True,48.53,4.74,False,92.39,2.94,Low,,,
222,2024-01-12,Hotel,JFK,269.21,340.28,0.76,164,127,43215.56,0.774,33265,63,F,None,Direct,16,Family,CAMP_A,True,True,0.26,0.81,True,35.61,6.0,False,168.16,6.08,Medium,,,
223,2024-07-31,Flight,JFK,341.89,414.28,0.71,203,142,58827.76,0.7,12811,58,M,Silver,Agent,101,Leisure,CAMP_A,True,False,0.2,-0.84,False,67.66,28.84,False,2046.28,64.23,Medium,13649.0,855.35,False
224,2024-11-11,Hotel,DXB,211.06,240.59,0.64,130,81,19487.79,0.623,15101,52,F,None,Direct,79,Business,CAMP_B,True,False,0.18,0.26,False,12.24,5.96,False,153.42,1.77,High,,,
225,2024-02-10,Flight,CDG,557.25,731.57,0.81,300,242,177039.94,0.807,43260,38,M,None,Direct,24,Business,NONE,False,False,0.0,0.36,False,138.32,42.93,False,2179.43,6.5,Low,11601.0,805.84,False
226,2024-09-25,Hotel,HKG,295.69,420.22,0.92,129,122,51266.84,0.946,15721,56,F,None,Direct,91,Business,NONE,False,False,0.0,-0.17,False,31.81,4.94,False,204.67,7.81,Low,,,
227,2024-08-09,Hotel,LHR,280.55,380.04,0.85,267,226,85889.04,0.846,38150,60,M,Platinum,Agent,58,Business,NONE,False,False,0.0,-0.0,False,46.74,7.63,False,96.19,3.59,Low,,,
228,2024-07-25,Hotel,CDG,193.89,220.3,0.64,135,81,17844.3,0.6,29623,70,F,Silver,Agent,95,Family,CAMP_B,True,True,0.39,-0.05,True,28.16,7.47,False,159.49,9.06,Low,,,
229,2024-05-23,Flight,SYD,382.04,515.5,0.85,176,153,78871.5,0.869,29691,63,F,None,Direct,48,Leisure,NONE,False,False,0.0,0.5,False,165.28,28.24,False,1888.83,36.27,Medium,11592.0,883.43,False
230,2024-07-15,Hotel,JFK,188.52,246.82,0.81,222,174,42946.68,0.784,14369,26,F,None,OTA,3,Leisure,CAMP_A,True,False,0.6,0.36,False,37.52,7.44,False,119.28,4.5,Low,,,
231,2024-12-10,Hotel,SIN,239.78,273.56,0.64,166,104,28450.24,0.627,48664,30,M,Silver,Direct,90,Leisure,CAMP_A,True,False,0.21,0.22,False,139.56,10.23,False,152.96,14.27,Low,,,
232,2024-11-18,Flight,SYD,665.97,821.27,0.73,131,99,81305.73,0.756,40384,19,M,None,Corporate,78,Business,NONE,False,False,0.0,-0.1,False,82.13,27.21,False,1716.88,3.78,Medium,3059.0,817.79,False
233,2024-10-12,Hotel,LHR,291.89,415.85,0.92,120,107,44495.95,0.892,40874,64,F,None,Direct,19,Business,CAMP_B,True,False,0.22,0.28,False,86.87,12.46,False,201.07,3.9,Medium,,,
234,2024-01-10,Hotel,JFK,149.12,185.81,0.75,89,68,12635.08,0.764,22349,70,M,Silver,Direct,85,Other,CAMP_C,True,True,0.23,0.11,False,70.73,8.16,False,200.16,10.67,High,,,
235,2024-01-23,Hotel,CDG,221.27,310.12,0.9,181,161,49929.32,0.89,12070,35,M,Silver,Direct,44,Family,NONE,False,False,0.0,0.12,False,72.13,5.26,True,225.56,9.33,Medium,,,
236,2024-04-15,Hotel,DXB,211.85,220.81,0.54,253,137,30250.97,0.542,18440,39,F,None,Agent,21,Family,CAMP_B,True,False,0.51,-0.03,False,59.61,7.31,False,149.92,6.87,Medium,,,
237,2024-04-11,Flight,DXB,785.17,1062.15,0.85,328,282,299526.3,0.86,20381,59,M,Gold,Corporate,104,Business,NONE,False,False,0.0,1.12,True,93.32,33.25,False,1651.92,5.01,Medium,7416.0,796.18,False
238,2024-12-10,Hotel,HKG,214.68,279.24,0.8,211,166,46353.84,0.787,24565,70,M,Gold,Direct,36,Leisure,CAMP_B,True,True,0.42,0.57,False,49.6,5.04,False,247.57,7.49,Low,,,
239,2024-03-29,Hotel,CDG,253.22,272.29,0.58,91,54,14703.66,0.593,32505,38,F,Silver,Agent,112,Other,CAMP_C,True,False,0.32,0.7,True,64.1,9.99,False,119.44,3.68,Medium,,,
240,2024-01-02,Hotel,JFK,160.27,204.39,0.78,80,60,12263.4,0.75,18127,36,M,Gold,Direct,51,Leisure,CAMP_B,True,True,0.13,-0.52,False,67.7,7.64,False,114.53,21.07,Low,,,
241,2024-04-06,Hotel,CDG,234.82,321.62,0.87,65,57,18332.34,0.877,11872,47,M,Silver,Direct,65,Family,CAMP_B,True,False,0.12,0.33,True,128.58,8.79,False,109.78,2.52,Low,,,
242,2024-10-17,Hotel,JFK,111.36,146.06,0.81,201,160,23369.6,0.796,27514,47,F,None,Direct,12,Leisure,NONE,False,False,0.0,0.4,False,30.6,5.31,False,78.55,16.51,High,,,
243,2024-08-16,Hotel,CDG,221.02,269.3,0.72,157,108,29084.4,0.688,47704,63,F,None,Agent,3,Family,CAMP_A,True,True,0.13,-0.35,False,207.07,8.21,False,140.95,4.67,Low,,,
244,2024-03-03,Hotel,LHR,176.16,250.76,0.92,60,55,13791.8,0.917,28562,50,F,Silver,OTA,66,Business,NONE,False,False,0.0,-0.77,False,61.59,6.34,False,197.47,5.56,Low,,,
245,2024-11-04,Hotel,DXB,222.7,235.23,0.56,217,116,27286.68,0.535,30549,19,M,None,Corporate,1,Business,CAMP_C,True,False,0.22,0.79,True,103.58,6.7,False,114.44,1.42,Medium,,,
246,2024-06-19,Flight,SYD,478.95,554.75,0.66,197,131,72672.25,0.665,14158,61,M,Gold,Corporate,5,Business,NONE,False,False,0.0,0.09,True,45.12,27.69,False,2213.81,10.19,Medium,7178.0,864.37,False
247,2024-02-19,Hotel,JFK,203.5,249.39,0.73,161,120,29926.8,0.745,26562,54,F,Silver,Agent,94,Business,NONE,False,False,0.0,0.72,True,45.49,8.4,True,78.43,12.35,Low,,,
248,2024-03-28,Hotel,JFK,179.13,229.54,0.78,88,68,15608.72,0.773,41269,33,M,None,OTA,5,Other,NONE,False,False,0.0,-0.97,False,128.58,6.29,False,180.53,8.83,Medium,,,
249,2024-09-28,Hotel,JFK,336.05,393.4,0.67,219,150,59010.0,0.685,46906,58,F,Silver,OTA,85,Leisure,NONE,False,False,0.0,0.39,False,71.38,7.0,False,105.24,16.89,Medium,,,
250,2024-09-02,Hotel,DXB,224.09,302.12,0.85,281,237,71602.44,0.843,18649,68,M,Silver,Corporate,4,Business,CAMP_B,True,False,0.24,0.21,True,24.92,6.18,False,151.28,19.93,Low,,,
251,2024-12-21,Hotel,DXB,212.63,313.13,0.97,143,140,43838.2,0.979,10320,34,M,Gold,Direct,9,Business,CAMP_C,True,False,0.33,0.36,False,19.67,10.47,False,79.44,3.4,Low,,,
252,2024-03-14,Hotel,JFK,249.06,247.33,0.49,157,78,19291.74,0.497,34125,22,M,None,Direct,95,Leisure,CAMP_B,True,False,0.35,-0.19,True,42.67,2.59,False,102.62,22.5,Low,,,
253,2024-02-12,Hotel,DXB,234.85,242.55,0.53,281,152,36867.6,0.541,40078,20,M,Gold,OTA,81,Family,CAMP_A,True,False,0.08,0.5,False,190.14,7.07,False,127.99,4.41,Medium,,,
254,2024-09-23,Hotel,HKG,291.37,364.13,0.75,93,69,25124.97,0.742,30039,65,M,None,Agent,113,Leisure,CAMP_A,True,False,0.33,-0.46,True,31.49,7.39,False,128.55,0.37,Low,,,
255,2024-11-04,Flight,JFK,461.92,660.23,0.93,134,123,81208.29,0.918,17570,63,F,Silver,OTA,39,Leisure,CAMP_A,True,False,0.16,0.33,False,48.12,28.55,False,2125.41,10.78,Low,5457.0,771.69,False
256,2024-03-31,Flight,CDG,500.14,537.66,0.58,329,185,99467.1,0.562,22043,63,M,Gold,OTA,65,Leisure,CAMP_B,True,True,0.2,-0.39,False,32.04,35.56,False,1979.24,78.44,Low,7754.0,875.22,False
257,2024-12-22,Hotel,SYD,190.14,208.96,0.6,77,50,10448.0,0.649,41041,56,M,None,Agent,43,Leisure,NONE,False,False,0.0,-0.0,False,11.51,11.14,False,126.97,10.18,Low,,,
258,2024-02-20,Hotel,CDG,256.15,316.9,0.74,107,80,25352.0,0.748,43260,22,M,None,Direct,98,Leisure,NONE,False,False,0.0,0.16,False,11.61,7.13,False,122.41,3.68,Low,,,
259,2024-06-07,Hotel,SIN,254.51,292.06,0.65,83,57,16647.42,0.687,30426,25,M,None,Corporate,25,Business,CAMP_B,True,False,0.18,0.11,True,66.66,6.21,False,227.46,12.17,Low,,,
260,2024-06-15,Hotel,JFK,202.46,230.37,0.64,51,33,7602.21,0.647,22443,69,F,None,Agent,74,Other,CAMP_A,True,False,0.11,0.29,False,114.81,7.13,True,137.58,4.86,Low,,,
261,2024-09-26,Hotel,CDG,270.22,383.75,0.92,140,129,49503.75,0.921,34422,58,M,Silver,OTA,42,Business,NONE,False,False,0.0,0.07,False,28.79,7.96,False,102.98,6.48,Medium,,,
262,2024-08-29,Hotel,SIN,129.37,151.3,0.67,156,104,15735.2,0.667,31103,18,F,None,OTA,90,Business,NONE,False,False,0.0,-0.24,False,117.63,6.48,False,206.15,7.78,Low,,,
263,2024-05-22,Hotel,SIN,287.98,329.33,0.64,274,180,59279.4,0.657,23833,63,M,Gold,OTA,59,Leisure,CAMP_A,True,False,0.47,-0.09,False,52.03,11.65,False,191.3,7.68,Low,,,
264,2024-12-20,Hotel,DXB,173.89,211.12,0.71,188,133,28078.96,0.707,22936,26,F,None,Direct,70,Business,NONE,False,False,0.0,0.3,True,10.11,6.61,False,201.28,2.57,Low,,,
265,2024-06-13,Flight,CDG,783.18,783.14,0.5,394,196,153495.44,0.497,36048,31,F,None,OTA,29,Leisure,CAMP_C,True,False,0.26,0.37,False,53.88,27.53,False,1906.15,1.61,Low,13763.0,811.61,False
266,2024-07-30,Hotel,CDG,194.7,271.82,0.9,190,172,46753.04,0.905,20725,50,F,None,Agent,35,Business,NONE,False,False,0.0,-1.03,True,2.87,6.78,False,153.57,4.69,Medium,,,
267,2024-11-06,Hotel,LHR,149.32,155.85,0.54,108,60,9351.0,0.556,14672,57,M,Silver,Direct,92,Leisure,NONE,False,False,0.0,0.38,True,25.29,9.4,False,119.4,0.1,Low,,,
268,2024-10-10,Flight,LHR,760.74,1019.34,0.84,378,318,324150.12,0.841,26737,35,M,Platinum,Corporate,51,Business,CAMP_A,True,True,0.23,-0.07,True,44.11,27.27,False,2316.47,24.68,Low,2307.0,831.71,False
269,2024-07-18,Hotel,JFK,186.93,206.19,0.6,65,43,8866.17,0.662,18270,34,M,Silver,OTA,50,Leisure,NONE,False,False,0.0,0.99,True,53.9,7.03,False,136.28,17.01,Low,,,
270,2024-01-06,Hotel,HKG,178.73,257.37,0.94,220,206,53018.22,0.936,40609,28,M,None,Corporate,32,Leisure,NONE,False,False,0.0,-0.08,False,53.23,8.28,False,108.67,6.7,Low,,,
271,2024-02-09,Hotel,LHR,158.31,218.65,0.88,163,145,31704.25,0.89,14913,35,M,Gold,OTA,113,Business,CAMP_C,True,False,0.11,0.35,False,21.27,7.17,True,145.27,0.17,Medium,,,
272,2024-10-14,Flight,HKG,364.48,446.97,0.73,266,196,87606.12,0.737,17763,49,M,None,OTA,33,Business,CAMP_A,True,False,0.05,0.32,True,35.23,25.68,False,1746.83,38.97,Low,8666.0,880.63,False
273,2024-09-30,Hotel,DXB,284.36,311.83,0.6,83,50,15591.5,0.602,30965,34,F,None,Agent,73,Family,CAMP_A,True,False,0.21,-0.38,False,53.66,6.1,False,48.69,26.28,Low,,,
274,2024-06-03,Flight,LHR,660.87,841.41,0.77,276,214,180061.74,0.775,42691,57,F,None,Corporate,3,Leisure,CAMP_A,True,True,0.2,0.82,True,23.7,26.54,False,1948.91,18.49,Low,13566.0,768.45,False
275,2024-11-21,Flight,SYD,592.45,744.34,0.76,156,115,85599.1,0.737,12543,24,M,Gold,Corporate,22,Business,CAMP_A,True,True,0.54,0.34,False,45.98,38.09,False,2162.43,25.07,Low,5693.0,846.31,False
276,2024-08-03,Hotel,SYD,181.67,225.38,0.74,235,170,38314.6,0.723,44297,59,M,Silver,Agent,63,Business,CAMP_B,True,False,0.2,0.03,True,120.73,8.84,False,104.14,8.95,Low,,,
277,2024-07-25,Flight,SIN,673.2,795.68,0.68,154,104,82750.72,0.675,27863,49,M,None,OTA,12,Business,CAMP_B,True,True,0.51,0.95,False,78.77,32.27,False,2808.11,12.33,Low,11953.0,817.07,False
278,2024-09-18,Flight,LHR,637.83,1021.51,1.1,234,234,239033.34,1.0,49089,40,F,Platinum,Corporate,14,Business,CAMP_B,True,True,0.25,0.38,False,27.85,31.34,False,2251.25,13.43,Low,3309.0,817.26,False
279,2024-10-17,Hotel,SIN,201.53,272.63,0.85,125,102,27808.26,0.816,35156,68,M,None,OTA,40,Leisure,NONE,False,False,0.0,-0.43,False,80.37,7.92,False,142.84,7.67,Low,,,
280,2024-07-11,Hotel,JFK,259.38,296.63,0.64,238,154,45681.02,0.647,12668,69,F,None,Agent,65,Other,CAMP_C,True,False,0.28,-0.71,True,121.13,7.41,False,219.25,4.74,Low,,,
281,2024-06-17,Hotel,CDG,216.88,299.43,0.88,178,151,45213.93,0.848,16621,40,F,Gold,Agent,109,Business,CAMP_A,True,False,0.46,-0.46,True,37.08,7.65,False,199.83,1.56,Low,,,
282,2024-07-15,Flight,SIN,360.0,335.69,0.43,345,147,49346.43,0.426,13930,43,M,Silver,Corporate,12,Business,CAMP_A,True,False,0.12,0.64,True,86.03,34.56,False,1457.24,43.31,Low,3215.0,915.61,False
283,2024-08-13,Hotel,SYD,126.44,138.93,0.6,256,152,21117.36,0.594,18946,65,F,None,Direct,93,Leisure,NONE,False,False,0.0,0.33,True,86.95,4.66,False,167.71,4.74,Low,,,
284,2024-05-18,Hotel,HKG,153.82,202.55,0.82,251,205,41522.75,0.817,19633,31,F,Silver,Direct,4,Leisure,CAMP_A,True,False,0.55,0.37,False,32.14,7.95,True,126.91,7.59,Medium,,,
285,2024-11-05,Flight,SYD,398.01,484.04,0.72,336,236,114233.44,0.702,14386,69,M,Gold,Direct,44,Business,NONE,False,False,0.0,0.32,False,42.37,38.57,False,2095.49,35.05,Low,11667.0,831.99,False
286,2024-05-07,Hotel,SYD,178.03,195.65,0.6,218,130,25434.5,0.596,32132,59,F,Gold,Corporate,18,Leisure,CAMP_C,True,True,0.01,1.05,True,28.57,11.9,False,155.87,14.24,Low,,,
287,2024-06-28,Hotel,SIN,274.89,369.12,0.84,119,103,38019.36,0.866,19861,50,F,Gold,Agent,41,Leisure,CAMP_A,True,False,0.41,0.6,True,22.21,7.31,False,185.92,16.45,Low,,,
288,2024-10-04,Hotel,HKG,208.6,251.53,0.71,62,44,11067.32,0.71,43517,54,M,None,OTA,103,Business,CAMP_B,True,True,0.59,-0.14,False,12.4,3.87,False,125.21,2.68,Low,,,
289,2024-11-09,Hotel,HKG,213.53,257.91,0.71,283,202,52097.82,0.714,40916,42,F,Platinum,Direct,61,Business,NONE,False,False,0.0,0.14,False,32.33,9.85,False,185.62,8.38,Low,,,
290,2024-08-04,Flight,HKG,530.79,599.34,0.63,321,197,118069.98,0.614,28558,47,M,Platinum,Agent,31,Family,NONE,False,False,0.0,-0.39,True,40.44,33.98,False,1481.25,4.57,Low,6275.0,802.2,False
291,2024-01-25,Hotel,SYD,150.3,187.82,0.75,290,221,41508.22,0.762,16972,55,M,Silver,Corporate,4,Family,CAMP_A,True,False,0.49,-1.32,True,22.64,5.98,False,170.22,6.0,Medium,,,
292,2024-03-02,Hotel,CDG,208.49,238.75,0.65,72,43,10266.25,0.597,39519,59,M,None,Agent,31,Business,CAMP_A,True,True,0.47,-0.0,True,72.38,8.53,True,116.56,1.35,Medium,,,
293,2024-03-23,Hotel,SYD,96.11,103.2,0.57,154,92,9494.4,0.597,24784,36,F,None,Corporate,87,Other,NONE,False,False,0.0,0.74,True,119.24,3.15,False,120.07,12.46,Low,,,
294,2024-09-11,Hotel,SIN,227.41,283.34,0.75,54,36,10200.24,0.667,19568,29,F,Silver,Agent,62,Family,CAMP_A,True,False,0.49,0.42,False,59.36,6.88,False,143.62,1.13,Medium,,,
295,2024-09-05,Hotel,LHR,137.68,188.16,0.87,269,234,44029.44,0.87,35126,19,F,Gold,Direct,44,Family,NONE,False,False,0.0,0.43,True,136.94,9.96,False,229.45,1.9,Medium,,,
296,2024-04-22,Hotel,HKG,160.17,222.25,0.89,252,223,49561.75,0.885,16209,19,F,None,Agent,10,Leisure,CAMP_B,True,False,0.15,1.32,True,51.53,6.55,False,135.25,8.2,Low,,,
297,2024-09-01,Hotel,SYD,245.43,311.34,0.77,198,155,48257.7,0.783,36670,29,F,Platinum,Direct,91,Other,CAMP_A,True,True,0.31,1.28,True,75.29,5.45,False,157.52,1.96,Low,,,
298,2024-08-11,Flight,LHR,514.49,517.76,0.51,388,194,100445.44,0.5,30829,65,M,Gold,Agent,65,Leisure,NONE,False,False,0.0,0.1,True,10.83,30.53,False,1668.51,7.65,Low,10818.0,829.36,False
299,2024-11-30,Hotel,HKG,177.88,253.57,0.93,68,57,14453.49,0.838,34803,49,M,None,Agent,73,Leisure,CAMP_A,True,False,0.38,-0.6,False,14.73,8.04,False,161.86,6.33,High,,,
300,2024-01-22,Hotel,LHR,184.07,221.36,0.7,177,119,26341.84,0.672,43408,28,F,None,OTA,94,Leisure,CAMP_A,True,False,0.14,0.02,True,80.69,12.82,False,192.89,7.32,Medium,,,
301,2024-09-14,Flight,LHR,354.72,368.45,0.54,207,112,41266.4,0.541,31019,45,M,Gold,OTA,58,Business,CAMP_A,True,False,0.14,-1.04,True,107.69,24.39,False,1760.49,2.24,Low,13675.0,841.58,False
302,2024-11-15,Hotel,CDG,272.56,387.14,0.92,215,195,75492.3,0.907,42196,60,M,None,OTA,52,Leisure,CAMP_A,True,False,0.38,0.44,True,31.18,7.68,False,139.96,2.36,Low,,,
303,2024-07-03,Flight,HKG,259.44,319.5,0.73,170,128,40896.0,0.753,40982,38,F,None,Agent,81,Leisure,CAMP_B,True,False,0.56,0.01,True,36.72,28.34,False,1754.49,60.39,Low,14360.0,831.93,False
304,2024-03-12,Flight,SIN,706.59,827.3,0.67,197,131,108376.3,0.665,26054,18,M,None,OTA,27,Leisure,CAMP_B,True,False,0.05,0.62,False,29.19,30.77,False,2396.08,13.27,Medium,1116.0,802.95,False
305,2024-05-15,Flight,JFK,560.99,638.25,0.64,360,227,144882.75,0.631,25963,19,F,None,Corporate,73,Other,CAMP_B,True,False,0.35,0.33,True,73.71,30.45,False,2144.96,16.93,Medium,13805.0,816.62,False
306,2024-07-19,Hotel,SYD,186.66,213.86,0.65,108,72,15397.92,0.667,27107,47,F,None,Direct,10,Business,NONE,False,False,0.0,0.62,False,18.7,7.59,False,185.06,11.11,Low,,,
307,2024-03-30,Flight,DXB,598.67,809.2,0.85,147,124,100340.8,0.844,15181,27,M,None,Direct,101,Other,CAMP_A,True,False,0.52,0.17,False,148.37,22.44,False,1962.74,19.05,Low,4078.0,860.47,False
308,2024-05-06,Flight,JFK,633.7,801.65,0.77,345,266,213238.9,0.771,18870,62,M,Silver,Direct,19,Business,CAMP_A,True,True,0.24,-0.11,True,76.63,26.17,False,1859.15,10.03,Low,5262.0,815.57,False
309,2024-02-17,Hotel,SIN,224.28,274.35,0.72,102,74,20301.9,0.725,22102,39,M,Gold,Direct,66,Family,NONE,False,False,0.0,0.94,False,49.36,9.54,False,155.42,3.61,Low,,,
310,2024-05-16,Hotel,HKG,256.59,267.79,0.54,117,58,15531.82,0.496,27094,65,M,None,Agent,29,Family,CAMP_A,True,False,0.58,0.14,False,78.29,9.93,False,126.44,4.94,Low,,,
311,2024-08-30,Hotel,DXB,220.69,298.43,0.85,116,99,29544.57,0.853,17771,59,M,Silver,Direct,57,Other,CAMP_A,True,False,0.26,0.28,False,23.63,10.06,False,176.23,11.91,Low,,,
312,2024-11-02,Hotel,LHR,128.41,142.79,0.61,182,107,15278.53,0.588,49314,42,F,None,Corporate,70,Business,CAMP_C,True,False,0.34,-0.08,True,79.92,9.3,False,142.58,0.79,Medium,,,
313,2024-09-13,Hotel,SIN,100.91,119.86,0.69,218,144,17259.84,0.661,30518,49,M,Silver,OTA,58,Leisure,CAMP_B,True,False,0.09,-0.56,True,25.22,11.06,False,74.56,17.93,Low,,,
314,2024-08-14,Hotel,SYD,188.29,246.05,0.81,183,148,36415.4,0.809,47166,53,F,None,OTA,30,Business,CAMP_A,True,False,0.24,0.48,False,97.96,10.03,False,111.36,4.96,Medium,,,
315,2024-04-19,Hotel,SIN,161.12,207.83,0.79,175,134,27849.22,0.766,19196,55,M,None,Direct,117,Leisure,NONE,False,False,0.0,-0.16,False,61.02,9.39,False,235.02,3.03,Low,,,
316,2024-10-20,Flight,SIN,720.19,872.0,0.71,342,240,209280.0,0.702,11552,63,M,Silver,OTA,8,Leisure,NONE,False,False,0.0,-0.3,False,32.01,24.88,False,2033.74,34.69,Low,13192.0,809.25,False
317,2024-09-09,Hotel,SIN,238.41,258.98,0.59,286,165,42731.7,0.577,44571,54,F,None,Corporate,46,Leisure,CAMP_B,True,False,0.12,0.81,False,66.22,10.23,False,190.58,4.29,Low,,,
318,2024-12-04,Hotel,SYD,181.54,160.66,0.38,162,65,10442.9,0.401,19661,26,F,None,OTA,81,Leisure,CAMP_B,True,False,0.34,-0.64,False,190.2,8.06,False,158.14,21.15,Low,,,
319,2024-04-20,Hotel,DXB,179.65,234.91,0.81,290,236,55438.76,0.814,32243,45,F,None,OTA,4,Family,CAMP_C,True,False,0.03,1.17,False,33.33,7.24,True,120.48,5.89,Low,,,
320,2024-07-14,Flight,DXB,505.47,582.24,0.65,379,243,141484.32,0.641,36973,59,M,Silver,OTA,69,Business,CAMP_A,True,False,0.01,-0.73,False,84.08,28.9,False,1969.51,17.43,High,304.0,795.39,False
321,2024-09-05,Hotel,SYD,172.4,211.23,0.73,129,95,20066.85,0.736,25753,56,M,None,OTA,63,Family,CAMP_B,True,False,0.43,-0.18,False,6.69,6.49,False,160.87,21.0,Low,,,
322,2024-06-08,Flight,SYD,408.98,537.63,0.81,245,202,108601.26,0.824,38386,31,F,None,Direct,75,Business,CAMP_A,True,False,0.1,0.01,True,36.67,23.43,False,1651.33,2.33,Medium,13434.0,834.57,False
323,2024-01-19,Hotel,HKG,240.05,235.91,0.48,117,58,13682.78,0.496,22725,25,F,Platinum,Corporate,120,Family,CAMP_A,True,True,0.14,-0.13,False,29.48,5.87,False,142.56,11.0,Low,,,
324,2024-03-27,Flight,JFK,593.89,657.59,0.61,188,113,74307.67,0.601,10875,41,F,None,OTA,84,Business,CAMP_A,True,False,0.29,0.53,True,96.13,29.53,False,2092.83,17.79,Low,7315.0,710.65,False
325,2024-04-11,Flight,SYD,572.56,805.64,0.91,151,134,107955.76,0.887,31479,46,M,None,Direct,110,Business,CAMP_B,True,False,0.14,0.61,False,32.25,23.96,False,2703.27,2.06,Low,5508.0,763.01,False
326,2024-06-10,Hotel,JFK,251.85,352.92,0.9,220,199,70231.08,0.905,21733,45,F,Silver,Corporate,47,Family,CAMP_B,True,False,0.26,0.17,True,87.55,6.84,False,111.84,0.1,Low,,,
327,2024-04-10,Flight,LHR,333.81,354.29,0.56,248,143,50663.47,0.577,28333,47,M,Platinum,OTA,9,Leisure,NONE,False,False,0.0,0.78,False,41.87,23.12,False,1468.84,86.39,High,3018.0,795.71,False
328,2024-10-15,Flight,HKG,663.69,827.49,0.75,365,267,220939.83,0.732,31406,48,F,None,OTA,92,Leisure,CAMP_C,True,False,0.53,-0.23,False,57.13,23.34,False,2078.76,3.01,Medium,9790.0,962.1,False
329,2024-03-15,Hotel,SIN,237.76,282.65,0.69,227,151,42680.15,0.665,17810,35,F,Gold,Corporate,33,Business,CAMP_C,True,False,0.25,0.85,False,21.44,8.03,False,138.4,12.58,Low,,,
330,2024-09-20,Flight,HKG,639.2,687.07,0.57,375,212,145658.84,0.565,36441,38,F,Silver,OTA,65,Business,CAMP_C,True,False,0.35,-0.57,False,61.06,22.71,False,1811.0,4.71,Low,8156.0,941.65,False
331,2024-05-17,Hotel,SIN,255.6,368.73,0.94,179,163,60102.99,0.911,22363,43,F,None,Corporate,116,Other,CAMP_C,True,False,0.38,0.5,False,39.73,4.2,False,145.98,7.14,Low,,,
332,2024-10-14,Hotel,SIN,182.48,250.91,0.88,206,179,44912.89,0.869,30626,21,M,None,OTA,68,Leisure,CAMP_A,True,True,0.49,0.34,False,24.42,6.05,False,159.21,19.31,Low,,,
333,2024-11-15,Hotel,DXB,212.29,294.61,0.89,179,162,47726.82,0.905,39108,18,F,Silver,Agent,53,Business,CAMP_C,True,False,0.29,1.32,False,126.87,8.51,False,128.04,6.71,Low,,,
334,2024-12-24,Hotel,SYD,219.65,263.12,0.7,214,149,39204.88,0.696,13069,66,M,None,Direct,65,Leisure,CAMP_A,True,False,0.07,-0.19,False,105.38,6.36,False,180.98,12.92,Low,,,
335,2024-12-09,Hotel,LHR,162.48,234.62,0.94,137,132,30969.84,0.964,26024,43,F,None,OTA,104,Business,CAMP_A,True,False,0.02,0.33,False,6.31,8.4,False,185.56,11.12,Low,,,
336,2024-08-25,Flight,SIN,621.7,747.61,0.7,287,197,147279.17,0.686,16893,47,F,None,Agent,24,Leisure,CAMP_C,True,False,0.47,-0.25,True,44.15,34.93,False,2114.63,28.02,Low,6577.0,821.98,False
337,2024-02-07,Hotel,SIN,176.62,195.49,0.61,247,146,28541.54,0.591,10560,55,M,Platinum,Corporate,37,Business,NONE,False,False,0.0,0.33,False,66.15,8.32,False,143.18,3.11,Medium,,,
338,2024-12-01,Flight,CDG,435.11,678.53,1.06,246,246,166918.38,1.0,14164,61,M,None,Corporate,35,Leisure,CAMP_B,True,False,0.42,-0.27,False,34.95,27.28,False,2248.72,29.53,Low,5150.0,904.5,False
339,2024-11-25,Hotel,HKG,111.03,125.79,0.63,138,90,11321.1,0.652,20239,27,M,Silver,Agent,77,Leisure,CAMP_B,True,True,0.39,-0.2,False,39.95,7.21,False,146.21,5.24,High,,,
340,2024-02-05,Flight,SYD,523.38,643.51,0.73,167,120,77221.2,0.719,26035,70,F,Platinum,OTA,37,Business,CAMP_A,True,False,0.45,1.53,True,66.6,31.25,False,1905.36,34.29,Medium,2212.0,903.56,False
341,2024-08-24,Hotel,DXB,238.32,304.31,0.78,191,145,44124.95,0.759,27326,60,M,None,OTA,4,Business,CAMP_A,True,True,0.51,-1.29,False,54.27,8.32,False,110.4,4.63,Low,,,
342,2024-10-03,Flight,SIN,546.02,633.79,0.66,238,155,98237.45,0.651,33926,29,M,None,Agent,59,Business,CAMP_A,True,False,0.48,-0.06,False,15.92,33.27,False,1886.62,25.28,Medium,14784.0,873.87,False
343,2024-11-14,Hotel,JFK,223.7,310.13,0.89,294,261,80943.93,0.888,26473,35,M,Silver,Agent,87,Leisure,CAMP_C,True,False,0.57,0.21,False,151.12,11.28,False,60.16,4.13,Low,,,
344,2024-04-19,Hotel,LHR,225.19,264.08,0.67,100,71,18749.68,0.71,46508,22,F,Silver,Direct,110,Business,NONE,False,False,0.0,0.42,False,65.41,6.57,False,118.98,0.55,Medium,,,
345,2024-04-13,Flight,SIN,505.38,475.37,0.44,351,155,73682.35,0.442,36552,44,F,Gold,Corporate,19,Leisure,NONE,False,False,0.0,-0.06,False,131.13,33.2,False,1549.33,63.65,Low,3911.0,811.69,False
346,2024-01-01,Flight,SYD,299.13,448.63,1.0,359,359,161058.17,1.0,46086,28,F,None,Agent,28,Family,CAMP_C,True,False,0.11,-0.39,False,1.53,33.99,False,1572.39,22.56,Medium,982.0,868.7,False
347,2024-01-23,Flight,LHR,397.84,535.85,0.85,315,263,140928.55,0.835,26156,37,M,Gold,OTA,102,Family,CAMP_A,True,False,0.26,0.22,True,35.22,31.59,True,2168.58,25.63,High,13512.0,898.8,False
348,2024-05-20,Flight,CDG,482.9,576.82,0.69,139,96,55374.72,0.691,41569,24,F,None,Corporate,100,Leisure,CAMP_A,True,False,0.13,-1.11,True,36.89,27.21,False,2131.87,16.65,Low,8901.0,890.79,False
349,2024-06-07,Hotel,JFK,294.86,435.84,0.98,299,295,128572.8,0.987,37367,23,M,None,OTA,117,Leisure,CAMP_C,True,False,0.15,-0.07,False,199.13,7.41,True,176.73,0.61,Low,,,
350,2024-05-08,Hotel,HKG,189.76,202.52,0.57,270,151,30580.52,0.559,33188,70,M,Platinum,Direct,73,Business,CAMP_B,True,False,0.05,-0.23,False,22.2,7.27,False,182.99,10.09,Low,,,
351,2024-01-18,Flight,LHR,478.7,696.09,0.95,168,156,108590.04,0.929,40958,29,F,Silver,Corporate,102,Business,CAMP_B,True,True,0.23,-0.05,False,117.02,29.3,False,2321.66,16.63,Low,9096.0,912.28,False
352,2024-11-01,Hotel,LHR,164.38,212.13,0.79,227,178,37759.14,0.784,22065,67,F,None,Direct,73,Family,CAMP_B,True,True,0.2,0.24,False,52.88,9.13,False,92.38,12.84,Low,,,
353,2024-07-24,Hotel,DXB,172.15,208.27,0.71,219,154,32073.58,0.703,24609,45,F,None,Agent,56,Business,CAMP_B,True,False,0.36,0.57,False,97.21,6.57,False,111.68,6.21,Low,,,
354,2024-05-28,Flight,SYD,396.42,441.64,0.61,374,226,99810.64,0.604,47585,29,M,Silver,OTA,57,Leisure,CAMP_C,True,False,0.51,0.77,True,31.4,31.41,False,2028.29,8.44,Low,642.0,901.9,False
355,2024-04-18,Flight,LHR,494.06,450.67,0.41,302,124,55883.08,0.411,45754,64,M,None,Corporate,1,Other,CAMP_B,True,False,0.24,0.41,False,64.89,24.98,False,1158.7,27.86,Low,3955.0,831.02,False
356,2024-10-20,Flight,LHR,433.35,612.81,0.91,360,332,203452.92,0.922,22152,48,F,None,Corporate,59,Family,CAMP_A,True,False,0.04,1.22,False,9.23,26.58,False,1525.23,56.94,Medium,11683.0,846.54,False
357,2024-03-13,Flight,LHR,238.35,373.9,1.07,300,300,112170.0,1.0,45719,68,M,None,Agent,0,Leisure,NONE,False,False,0.0,-0.01,False,89.06,29.97,False,1670.73,42.8,Low,584.0,840.69,False
358,2024-06-03,Flight,SIN,523.91,755.76,0.94,173,162,122433.12,0.936,44276,63,F,Silver,Agent,95,Business,CAMP_B,True,False,0.12,-0.37,False,26.61,37.96,False,2336.74,20.64,Medium,6810.0,799.69,False
359,2024-09-26,Hotel,SIN,236.01,318.17,0.85,130,106,33726.02,0.815,47655,38,F,Platinum,Corporate,117,Leisure,NONE,False,False,0.0,0.19,True,73.93,7.59,False,131.82,7.94,Medium,,,
360,2024-01-24,Flight,LHR,447.59,526.5,0.68,329,225,118462.5,0.684,23166,57,M,None,OTA,80,Business,CAMP_B,True,False,0.38,0.26,False,33.69,24.78,False,2227.94,1.39,Low,6955.0,873.93,False
361,2024-03-09,Flight,JFK,490.46,684.64,0.9,360,317,217030.88,0.881,35164,30,F,Platinum,Agent,1,Leisure,NONE,False,False,0.0,0.67,False,100.83,29.95,False,2368.88,1.3,Low,2578.0,820.57,False
362,2024-07-29,Hotel,CDG,191.78,230.31,0.7,81,58,13357.98,0.716,22710,61,M,Platinum,Corporate,80,Leisure,CAMP_B,True,False,0.12,0.2,False,103.99,6.73,False,104.0,24.94,Low,,,
363,2024-03-28,Hotel,JFK,258.12,383.44,0.99,96,96,36810.24,1.0,46714,65,M,None,OTA,82,Other,CAMP_C,True,False,0.41,0.12,False,55.94,5.19,False,131.6,5.79,Low,,,
364,2024-02-13,Hotel,HKG,190.84,218.6,0.65,224,145,31697.0,0.647,12529,53,M,None,OTA,74,Business,CAMP_B,True,False,0.49,0.03,False,172.8,6.57,False,140.96,0.52,Low,,,
365,2024-06-20,Hotel,SYD,165.79,225.61,0.86,89,76,17146.36,0.854,49317,32,M,None,Corporate,64,Business,CAMP_B,True,True,0.38,-0.21,False,22.55,6.58,False,156.83,16.11,Medium,,,
366,2024-12-11,Flight,JFK,444.56,453.77,0.52,213,114,51729.78,0.535,27816,38,F,None,Agent,120,Leisure,NONE,False,False,0.0,-0.08,False,49.46,23.54,False,1298.37,4.42,Medium,8523.0,843.8,False
367,2024-01-19,Flight,DXB,467.79,468.33,0.5,256,123,57604.59,0.48,27388,55,F,Gold,OTA,46,Leisure,CAMP_C,True,False,0.05,0.26,False,60.51,26.68,False,1583.27,39.73,Low,12107.0,791.75,False
368,2024-12-03,Hotel,JFK,130.53,141.04,0.58,89,52,7334.08,0.584,11788,32,F,Gold,Agent,74,Other,CAMP_B,True,False,0.26,0.33,True,216.27,8.38,False,155.31,1.37,Medium,,,
369,2024-01-05,Hotel,DXB,256.8,329.01,0.78,124,99,32571.99,0.798,46756,36,M,Silver,Direct,91,Leisure,CAMP_B,True,False,0.05,0.32,False,112.55,7.66,False,158.92,4.27,Low,,,
370,2024-01-08,Hotel,JFK,183.83,243.14,0.82,199,158,38416.12,0.794,35624,28,M,Silver,Agent,0,Leisure,NONE,False,False,0.0,1.08,False,75.45,3.99,False,110.6,7.45,High,,,
371,2024-07-01,Flight,SIN,549.24,615.84,0.62,374,236,145338.24,0.631,14138,43,F,None,OTA,37,Leisure,CAMP_B,True,True,0.32,0.37,True,64.07,34.59,False,2270.25,5.24,Medium,5961.0,862.47,False
372,2024-01-31,Hotel,LHR,76.06,74.92,0.49,257,123,9215.16,0.479,23195,43,F,None,Agent,51,Business,CAMP_A,True,False,0.38,-0.07,False,11.49,9.33,False,135.07,12.67,Medium,,,
373,2024-12-16,Flight,SIN,425.75,544.36,0.78,143,106,57702.16,0.741,39098,44,F,Gold,OTA,60,Family,CAMP_B,True,True,0.35,1.08,False,19.05,21.83,True,2040.11,21.83,High,5786.0,915.4,False
374,2024-02-16,Hotel,DXB,180.81,192.76,0.57,222,123,23709.48,0.554,49478,28,M,Gold,OTA,51,Business,CAMP_A,True,True,0.38,0.5,False,38.78,5.32,False,125.91,9.14,Medium,,,
375,2024-04-09,Flight,JFK,405.84,529.52,0.8,364,290,153560.8,0.797,12157,53,F,Silver,Agent,97,Business,CAMP_B,True,False,0.27,-0.58,False,61.4,25.36,False,2214.92,8.74,High,6605.0,884.91,False
376,2024-07-02,Hotel,DXB,98.99,125.52,0.77,80,61,7656.72,0.762,35953,63,F,Silver,OTA,47,Family,CAMP_B,True,True,0.34,0.28,False,32.52,9.5,False,231.69,0.11,Low,,,
377,2024-11-04,Hotel,SYD,203.21,254.72,0.75,143,108,27509.76,0.755,40671,27,M,None,OTA,57,Business,CAMP_A,True,False,0.1,-0.39,False,16.42,7.82,False,274.1,12.11,Medium,,,
378,2024-04-21,Hotel,SIN,203.06,256.48,0.76,178,137,35137.76,0.77,42598,60,F,Silver,OTA,44,Leisure,CAMP_B,True,False,0.16,0.64,False,51.59,8.05,False,189.45,8.56,Low,,,
379,2024-09-19,Hotel,DXB,113.01,122.86,0.59,205,124,15234.64,0.605,18682,28,M,None,Agent,99,Leisure,CAMP_A,True,False,0.52,0.33,False,21.89,7.83,False,127.71,2.37,Low,,,
380,2024-01-20,Hotel,SIN,117.08,138.34,0.68,110,73,10098.82,0.664,13564,44,F,None,OTA,72,Business,NONE,False,False,0.0,0.78,False,98.35,7.27,False,114.18,15.81,Low,,,
381,2024-11-11,Hotel,SIN,246.5,259.79,0.55,211,112,29096.48,0.531,41972,69,F,Silver,Agent,83,Leisure,CAMP_B,True,False,0.13,-0.22,True,19.16,7.08,False,243.84,14.44,High,,,
382,2024-02-21,Flight,HKG,648.69,823.02,0.77,215,166,136621.32,0.772,44256,60,M,Platinum,Agent,35,Family,CAMP_B,True,False,0.11,-0.24,True,74.96,34.64,False,1988.72,19.3,Low,791.0,846.73,False
383,2024-09-30,Hotel,LHR,256.26,306.45,0.7,112,74,22677.3,0.661,39814,69,F,None,OTA,23,Other,CAMP_B,True,True,0.23,0.12,False,54.47,7.99,False,89.17,2.27,Low,,,
384,2024-06-16,Hotel,JFK,259.34,252.22,0.47,175,79,19925.38,0.451,39533,37,F,None,Agent,82,Business,CAMP_A,True,False,0.23,0.73,True,131.02,9.27,False,162.18,7.71,Low,,,
385,2024-02-25,Flight,CDG,554.9,625.15,0.63,254,158,98773.7,0.622,25895,25,M,Silver,Direct,50,Leisure,CAMP_B,True,False,0.22,-0.24,False,91.17,31.59,False,1983.71,4.83,Low,1505.0,871.91,False
386,2024-11-04,Flight,HKG,471.57,566.1,0.7,345,237,134165.7,0.687,11780,21,F,None,OTA,13,Business,CAMP_A,True,True,0.45,-0.15,False,19.66,28.98,False,2934.6,0.93,Low,659.0,800.47,True
387,2024-07-07,Flight,SIN,553.21,576.67,0.54,312,172,99187.24,0.551,48020,33,M,Gold,Agent,50,Business,CAMP_B,True,False,0.37,-0.65,False,53.04,16.82,False,1772.15,44.15,Low,10209.0,931.18,False
388,2024-07-02,Hotel,HKG,233.56,263.13,0.63,91,52,13682.76,0.571,13393,66,M,Silver,Direct,2,Business,CAMP_B,True,False,0.18,0.24,False,64.83,5.92,False,164.62,17.47,Low,,,
389,2024-09-18,Hotel,SIN,182.79,238.38,0.8,235,188,44815.44,0.8,27384,49,F,None,Direct,58,Leisure,CAMP_C,True,True,0.57,0.69,True,44.44,10.71,False,115.08,7.02,Medium,,,
390,2024-03-12,Flight,CDG,426.91,507.19,0.69,297,202,102452.38,0.68,30500,24,F,None,OTA,56,Leisure,NONE,False,False,0.0,-0.15,False,42.73,25.94,False,1734.13,4.58,Medium,10204.0,715.26,False
391,2024-03-01,Hotel,SYD,194.99,295.63,1.02,279,279,82480.77,1.0,47226,49,M,None,Direct,31,Business,NONE,False,False,0.0,-0.06,True,39.51,6.89,False,212.37,15.84,Low,,,
392,2024-04-06,Hotel,LHR,194.67,281.95,0.95,60,54,15225.3,0.9,15888,50,F,Gold,OTA,115,Leisure,NONE,False,False,0.0,-0.24,True,82.43,6.51,False,207.29,3.85,Medium,,,
393,2024-04-26,Hotel,CDG,204.18,238.46,0.67,55,32,7630.72,0.582,47372,40,M,Silver,Corporate,11,Business,NONE,False,False,0.0,-0.51,False,51.12,7.3,False,218.38,4.69,Low,,,
394,2024-02-17,Hotel,SIN,225.82,282.7,0.75,109,76,21485.2,0.697,28737,47,F,None,Agent,113,Business,CAMP_C,True,False,0.38,-0.0,False,29.24,9.52,False,157.3,9.77,Medium,,,
395,2024-07-07,Hotel,DXB,228.35,248.21,0.59,242,142,35245.82,0.587,13450,32,M,None,Corporate,9,Leisure,CAMP_A,True,False,0.09,0.56,True,38.77,6.34,False,125.17,6.81,Medium,,,
396,2024-04-26,Hotel,SYD,213.82,224.87,0.55,280,155,34854.85,0.554,43000,49,M,Gold,Corporate,6,Leisure,CAMP_A,True,False,0.28,0.15,False,68.74,7.15,False,155.1,16.71,Low,,,
397,2024-12-23,Hotel,SYD,216.75,283.09,0.81,128,100,28309.0,0.781,18195,58,M,Silver,Agent,119,Business,CAMP_B,True,False,0.03,0.27,False,62.11,8.55,False,103.39,11.61,Medium,,,
398,2024-09-15,Hotel,SIN,168.65,229.53,0.86,283,241,55316.73,0.852,18052,70,M,Platinum,Agent,59,Other,CAMP_A,True,False,0.26,0.41,False,160.5,8.57,False,155.4,3.25,Low,,,
399,2024-08-12,Hotel,LHR,216.27,332.54,1.04,91,91,30261.14,1.0,41854,52,M,None,OTA,111,Business,NONE,False,False,0.0,0.22,False,74.95,9.12,False,169.94,13.07,Medium,,,
400,2024-11-10,Flight,SYD,829.09,1138.72,0.87,238,206,234576.32,0.866,17301,57,M,Platinum,Corporate,2,Leisure,CAMP_C,True,True,0.58,0.74,True,4.23,27.6,False,1547.37,33.82,Medium,11393.0,881.99,False
401,2024-11-21,Flight,HKG,398.22,574.83,0.94,335,317,182221.11,0.946,38995,47,M,None,Corporate,88,Leisure,CAMP_A,True,False,0.21,-0.58,True,21.86,28.64,False,1817.29,0.28,Medium,12280.0,856.6,False
402,2024-08-31,Flight,SYD,634.47,835.58,0.82,295,244,203881.52,0.827,13989,41,F,Silver,Direct,23,Business,CAMP_A,True,True,0.05,-0.18,False,42.48,38.01,False,2187.22,9.09,Low,5393.0,841.01,False
403,2024-06-01,Flight,SIN,659.27,970.63,0.97,195,188,182478.44,0.964,39122,69,F,Gold,OTA,63,Business,CAMP_C,True,True,0.47,0.8,False,3.95,26.5,False,1615.03,40.68,Medium,7404.0,750.66,False
404,2024-10-21,Flight,HKG,423.31,438.52,0.54,158,81,35520.12,0.513,31621,34,F,Silver,OTA,34,Business,NONE,False,False,0.0,-0.18,True,33.52,24.13,False,2191.39,1.94,Low,3927.0,860.46,False
405,2024-07-21,Hotel,CDG,202.62,197.64,0.48,68,28,5533.92,0.412,30079,18,M,None,Direct,68,Family,CAMP_A,True,True,0.44,0.29,False,93.71,8.96,True,157.77,7.06,Low,,,
406,2024-04-12,Hotel,SIN,202.56,236.18,0.67,54,30,7085.4,0.556,23262,55,F,Silver,Direct,75,Business,CAMP_A,True,False,0.27,0.44,True,25.61,8.63,True,199.71,4.49,Low,,,
407,2024-03-31,Flight,SYD,440.3,563.64,0.78,343,263,148237.32,0.767,23683,66,M,None,OTA,12,Business,CAMP_C,True,False,0.59,0.41,True,71.13,39.08,False,2111.7,44.1,Low,892.0,828.35,False
408,2024-06-17,Flight,HKG,437.84,565.09,0.79,375,297,167831.73,0.792,34600,57,F,Silver,Corporate,54,Leisure,NONE,False,False,0.0,-0.41,False,66.45,38.36,False,2161.81,32.69,Low,14117.0,925.41,False
409,2024-05-01,Flight,JFK,661.72,882.43,0.83,220,186,164131.98,0.845,16363,21,M,Silver,Corporate,110,Business,CAMP_B,True,False,0.36,0.55,False,84.48,22.65,False,1844.26,56.62,Low,934.0,829.6,False
410,2024-03-03,Flight,SIN,583.97,679.72,0.66,239,161,109434.92,0.674,20743,62,M,Gold,Agent,118,Family,CAMP_A,True,False,0.51,0.27,False,104.1,22.87,False,1440.4,46.86,Low,12016.0,886.98,False
411,2024-01-09,Hotel,HKG,203.11,220.58,0.59,73,41,9043.78,0.562,36905,36,M,Silver,Agent,89,Family,NONE,False,False,0.0,0.8,True,29.5,4.02,False,219.28,13.52,Low,,,
412,2024-11-11,Flight,SYD,434.15,506.13,0.67,378,250,126532.5,0.661,33488,67,F,None,Corporate,91,Business,CAMP_B,True,False,0.53,0.43,True,10.71,42.53,False,2120.74,35.9,Medium,10438.0,925.73,False
413,2024-09-13,Hotel,SYD,163.76,219.76,0.84,212,174,38238.24,0.821,44045,29,F,Platinum,Direct,56,Business,CAMP_A,True,True,0.27,-0.05,True,100.25,6.8,False,123.72,2.7,Low,,,
414,2024-07-15,Hotel,LHR,199.83,331.29,1.16,91,91,30147.39,1.0,48014,49,M,None,Direct,71,Leisure,CAMP_A,True,False,0.32,-0.06,False,58.32,9.96,False,175.56,1.71,Low,,,
415,2024-06-04,Flight,LHR,495.13,550.25,0.61,331,199,109499.75,0.601,19239,21,M,None,Corporate,35,Business,CAMP_A,True,True,0.27,0.05,True,85.36,41.84,False,1459.49,25.8,Low,10533.0,800.95,False
416,2024-04-01,Hotel,SIN,138.1,180.13,0.8,241,195,35125.35,0.809,10410,42,M,Gold,OTA,84,Family,NONE,False,False,0.0,-0.34,False,57.15,12.18,False,124.58,13.91,Low,,,
417,2024-01-20,Flight,SYD,548.57,622.14,0.63,138,82,51015.48,0.594,32628,44,M,None,Corporate,105,Business,CAMP_B,True,False,0.32,-0.54,True,31.44,27.2,False,2126.07,54.95,High,7208.0,859.16,False
418,2024-07-11,Flight,LHR,336.86,478.87,0.92,276,255,122111.85,0.924,20884,23,M,None,OTA,115,Family,CAMP_B,True,True,0.16,0.96,True,17.15,28.79,True,2703.11,29.26,Low,5678.0,855.13,False
419,2024-03-12,Hotel,DXB,191.86,280.17,0.96,135,127,35581.59,0.941,28946,25,F,None,Agent,102,Leisure,CAMP_B,True,True,0.39,-0.44,True,42.29,9.59,False,208.78,23.35,Low,,,
420,2024-11-11,Hotel,JFK,220.4,331.93,1.01,299,296,98251.28,0.99,30193,27,M,None,Corporate,6,Leisure,CAMP_C,True,False,0.21,-0.29,False,85.29,6.36,False,110.5,0.93,Low,,,
421,2024-05-23,Flight,CDG,649.79,840.39,0.79,308,246,206735.94,0.799,24262,20,M,Silver,Corporate,85,Family,CAMP_B,True,False,0.46,-0.45,True,16.12,31.88,False,2226.01,28.6,Low,925.0,883.8,False
422,2024-03-26,Flight,JFK,463.8,546.75,0.68,122,80,43740.0,0.656,28718,27,M,Gold,Agent,85,Leisure,CAMP_C,True,False,0.09,-0.32,False,36.29,19.98,False,2481.09,39.6,Low,2970.0,832.89,False
423,2024-03-14,Flight,LHR,539.94,616.69,0.64,135,84,51801.96,0.622,27889,37,F,None,OTA,84,Family,CAMP_B,True,False,0.27,0.38,False,50.88,29.95,False,2038.98,88.93,Medium,3866.0,832.42,False
424,2024-05-25,Hotel,JFK,283.95,351.08,0.74,158,117,41076.36,0.741,27736,53,F,None,Agent,76,Leisure,NONE,False,False,0.0,0.27,False,22.94,8.39,False,113.07,15.64,Low,,,
425,2024-05-25,Flight,CDG,645.42,693.8,0.57,321,187,129740.6,0.583,34574,33,F,Silver,Agent,30,Leisure,CAMP_A,True,False,0.5,-0.44,False,41.67,33.19,False,2153.47,7.47,Low,3582.0,939.15,False
426,2024-10-01,Hotel,LHR,209.31,315.93,1.01,217,217,68556.81,1.0,48782,19,M,Silver,Corporate,98,Family,CAMP_B,True,False,0.17,1.5,False,3.21,7.6,False,205.79,7.1,Low,,,
427,2024-09-26,Hotel,HKG,216.95,250.36,0.65,210,136,34048.96,0.648,10195,28,M,None,OTA,56,Business,NONE,False,False,0.0,-0.14,False,113.27,9.76,False,172.2,3.27,Medium,,,
428,2024-10-03,Hotel,DXB,256.17,327.31,0.78,206,159,52042.29,0.772,28706,33,M,Silver,Corporate,91,Leisure,CAMP_C,True,False,0.33,-0.3,True,14.43,6.48,False,186.53,10.79,Low,,,
429,2024-12-03,Flight,LHR,739.36,972.58,0.82,142,115,111846.7,0.81,14539,25,M,Silver,OTA,32,Family,CAMP_A,True,False,0.39,-0.04,False,142.02,28.3,False,1564.39,13.2,Low,11424.0,861.85,False
430,2024-03-19,Flight,CDG,640.09,639.7,0.5,211,104,66528.8,0.493,23488,42,F,Platinum,Agent,65,Other,NONE,False,False,0.0,-0.48,True,61.71,27.46,False,2093.78,46.74,Low,467.0,862.43,False
431,2024-09-06,Hotel,JFK,174.56,198.62,0.64,160,102,20259.24,0.637,29774,69,F,Gold,Corporate,29,Leisure,NONE,False,False,0.0,0.06,False,33.36,7.83,False,160.43,7.85,Low,,,
432,2024-12-10,Hotel,LHR,228.92,338.19,0.98,157,148,50052.12,0.943,31666,52,M,None,Direct,59,Leisure,CAMP_A,True,False,0.14,0.72,False,25.93,10.63,False,177.46,0.85,Low,,,
433,2024-12-04,Flight,JFK,516.25,579.29,0.62,365,227,131498.83,0.622,41658,44,F,Silver,Direct,5,Leisure,CAMP_B,True,False,0.58,-0.11,True,37.76,29.64,False,2182.15,19.11,Low,1730.0,843.11,False
434,2024-01-01,Hotel,JFK,245.83,216.84,0.38,178,71,15395.64,0.399,45612,65,F,Silver,Agent,103,Leisure,NONE,False,False,0.0,0.64,False,78.91,7.78,False,196.28,9.42,Low,,,
435,2024-01-17,Hotel,HKG,149.0,184.73,0.74,215,161,29741.53,0.749,14358,22,M,None,Direct,30,Business,CAMP_A,True,False,0.56,0.45,False,110.22,4.65,False,152.73,6.89,Low,,,
436,2024-04-27,Hotel,LHR,220.9,262.78,0.69,128,92,24175.76,0.719,20671,39,F,Gold,Corporate,91,Business,CAMP_B,True,False,0.13,0.45,False,119.92,2.97,True,243.78,3.06,Medium,,,
437,2024-03-15,Hotel,HKG,181.37,273.0,1.01,186,185,50505.0,0.995,21904,37,M,Silver,Corporate,64,Business,CAMP_A,True,False,0.44,0.23,False,50.43,8.72,False,162.7,11.12,Low,,,
438,2024-05-22,Hotel,HKG,172.15,254.66,0.98,231,222,56534.52,0.961,17841,33,M,Gold,Direct,2,Business,CAMP_B,True,False,0.29,-0.45,True,37.54,6.17,False,109.15,2.05,Low,,,
439,2024-05-05,Hotel,CDG,249.34,289.76,0.66,261,168,48679.68,0.644,16379,20,M,None,Corporate,92,Family,NONE,False,False,0.0,-0.04,True,45.5,7.9,False,167.83,3.59,Low,,,
440,2024-10-10,Hotel,SIN,282.02,334.89,0.69,175,124,41526.36,0.709,40422,52,M,Gold,Direct,38,Business,CAMP_A,True,False,0.47,-0.7,False,79.89,7.5,False,192.83,0.35,Low,,,
441,2024-10-31,Flight,DXB,498.33,448.41,0.4,258,101,45289.41,0.391,32720,46,F,None,Direct,78,Leisure,CAMP_A,True,False,0.29,-0.43,False,25.44,25.25,False,1736.93,2.28,Low,9418.0,924.72,False
442,2024-03-14,Hotel,SIN,227.5,283.12,0.74,167,120,33974.4,0.719,31859,45,F,None,Agent,46,Leisure,NONE,False,False,0.0,-0.63,False,40.02,10.23,False,141.18,18.82,Low,,,
443,2024-08-10,Hotel,SYD,224.79,337.05,1.0,171,171,57635.55,1.0,35210,59,F,None,Direct,1,Business,CAMP_C,True,False,0.29,-0.1,True,137.34,6.13,False,155.15,0.63,Low,,,
444,2024-02-09,Hotel,SYD,167.91,171.75,0.52,66,29,4980.75,0.439,21740,67,M,Silver,Agent,103,Business,CAMP_C,True,False,0.57,0.41,True,79.45,8.77,True,169.32,19.17,Low,,,
445,2024-04-29,Flight,HKG,473.82,593.93,0.75,346,264,156797.52,0.763,18777,25,F,None,OTA,11,Leisure,CAMP_B,True,False,0.57,0.07,True,47.25,33.22,False,1855.4,21.69,Medium,381.0,843.13,False
446,2024-01-30,Flight,LHR,540.24,807.33,0.99,400,398,321317.34,0.995,32660,67,M,Silver,Agent,18,Leisure,CAMP_B,True,False,0.42,0.17,True,38.39,36.32,False,1831.5,19.49,Medium,13222.0,894.15,False
447,2024-02-19,Hotel,SIN,171.88,233.55,0.86,73,57,13312.35,0.781,39923,47,F,None,OTA,15,Family,CAMP_A,True,False,0.51,0.03,False,45.52,10.1,False,137.41,6.62,Low,,,
448,2024-07-01,Hotel,SYD,214.32,265.9,0.74,57,43,11433.7,0.754,18335,53,F,Platinum,Agent,41,Leisure,CAMP_A,True,False,0.51,0.61,False,95.0,7.0,False,116.46,17.9,Low,,,
449,2024-05-25,Flight,LHR,740.98,790.0,0.57,189,105,82950.0,0.556,41330,46,F,None,OTA,112,Business,NONE,False,False,0.0,0.47,False,153.85,32.37,False,2197.13,62.72,Low,12165.0,847.44,False
450,2024-07-21,Hotel,DXB,286.53,364.29,0.77,63,51,18578.79,0.81,23361,28,F,None,OTA,11,Business,NONE,False,False,0.0,0.58,True,82.68,5.82,False,201.83,13.15,Low,,,
451,2024-01-28,Flight,CDG,420.25,522.03,0.74,188,141,73606.23,0.75,40941,41,F,None,OTA,101,Leisure,NONE,False,False,0.0,0.1,False,56.14,27.95,False,1826.63,30.09,Low,9836.0,860.97,False
452,2024-10-03,Flight,JFK,490.7,551.99,0.62,274,175,96598.25,0.639,29117,67,F,Silver,Corporate,42,Family,CAMP_B,True,False,0.26,-0.1,False,55.51,24.63,False,1490.48,34.07,Low,14581.0,919.45,False
453,2024-02-12,Hotel,HKG,215.24,253.82,0.68,105,68,17259.76,0.648,21030,47,F,Silver,Corporate,19,Family,NONE,False,False,0.0,0.52,False,63.61,8.22,False,163.05,1.47,Low,,,
454,2024-09-18,Hotel,LHR,239.2,349.91,0.96,242,229,80129.39,0.946,16165,42,M,None,Corporate,35,Other,CAMP_B,True,False,0.32,0.79,False,71.55,9.49,False,92.05,5.48,Low,,,
455,2024-07-31,Hotel,SYD,255.69,277.23,0.58,175,102,28277.46,0.583,27934,54,F,None,Agent,93,Other,NONE,False,False,0.0,0.4,False,27.64,9.41,True,195.68,7.54,Low,,,
456,2024-10-17,Flight,CDG,666.75,856.67,0.78,345,268,229587.56,0.777,39914,41,M,None,Agent,19,Business,CAMP_B,True,True,0.52,-1.38,True,56.36,17.73,False,1810.18,4.15,Low,313.0,818.62,False
457,2024-01-04,Hotel,HKG,121.33,166.07,0.87,163,139,23083.73,0.853,33939,53,M,None,Direct,119,Leisure,CAMP_B,True,True,0.13,-0.23,True,22.42,10.11,False,170.4,9.34,Low,,,
458,2024-05-31,Hotel,HKG,193.03,209.32,0.58,84,44,9210.08,0.524,32497,57,M,None,Direct,38,Business,CAMP_B,True,False,0.51,0.28,False,81.89,9.51,False,165.38,14.0,Low,,,
459,2024-10-18,Flight,SYD,405.73,404.74,0.5,355,171,69210.54,0.482,45116,22,M,Silver,Corporate,22,Leisure,CAMP_A,True,True,0.02,1.13,False,56.96,35.46,False,2390.97,37.0,Low,1514.0,898.18,False
460,2024-09-25,Flight,SYD,326.85,398.92,0.72,387,282,112495.44,0.729,34894,43,F,None,Direct,0,Family,NONE,False,False,0.0,0.43,True,69.9,29.24,False,2457.51,7.59,Low,13900.0,821.2,False
461,2024-03-03,Hotel,SYD,101.41,126.67,0.75,247,183,23180.61,0.741,18785,52,M,None,Direct,22,Leisure,CAMP_A,True,True,0.1,0.1,False,15.9,2.99,False,231.58,17.18,Low,,,
462,2024-12-13,Hotel,CDG,157.04,167.26,0.57,279,158,26427.08,0.566,19910,54,F,None,Direct,35,Family,CAMP_C,True,False,0.11,0.26,False,60.93,5.04,False,200.8,11.76,Low,,,
463,2024-05-24,Hotel,DXB,97.44,128.03,0.81,266,216,27654.48,0.812,15687,34,F,Silver,Agent,60,Leisure,CAMP_A,True,False,0.21,0.96,False,27.62,10.51,False,178.33,0.0,Low,,,
464,2024-09-21,Flight,CDG,363.56,470.08,0.79,352,278,130682.24,0.79,32060,46,M,None,Direct,4,Family,CAMP_C,True,True,0.33,-0.21,True,49.76,22.28,False,2445.05,61.9,Medium,1104.0,857.31,False
465,2024-06-02,Hotel,LHR,192.54,247.75,0.79,171,129,31959.75,0.754,32348,26,M,None,Direct,10,Leisure,CAMP_A,True,False,0.49,-0.18,False,40.63,9.74,False,162.3,11.39,Low,,,
466,2024-01-10,Flight,SYD,641.75,748.1,0.67,168,111,83039.1,0.661,29531,32,F,Silver,Corporate,114,Business,CAMP_C,True,False,0.24,-0.11,True,24.05,25.4,False,1719.53,32.57,Low,1440.0,950.48,False
467,2024-02-05,Hotel,SIN,163.64,222.35,0.86,110,95,21123.25,0.864,44595,45,F,None,Direct,43,Leisure,CAMP_A,True,False,0.02,0.06,False,91.47,5.67,False,122.57,17.43,Low,,,
468,2024-01-17,Flight,JFK,470.15,628.42,0.84,238,194,121913.48,0.815,46586,42,M,Gold,OTA,45,Leisure,NONE,False,False,0.0,1.0,False,37.25,43.03,False,1672.42,14.98,Low,3634.0,797.53,False
469,2024-06-22,Flight,SYD,429.85,416.57,0.47,241,113,47072.41,0.469,33606,41,M,None,Agent,104,Business,CAMP_B,True,False,0.41,-0.21,True,31.91,25.41,True,1782.96,31.43,Low,10555.0,860.56,False
470,2024-02-19,Flight,LHR,382.33,391.29,0.52,187,96,37563.84,0.513,19708,25,M,Silver,Corporate,56,Business,CAMP_A,True,False,0.57,0.94,False,116.87,23.92,False,1972.49,44.25,Medium,14023.0,936.44,True
471,2024-04-22,Flight,LHR,384.64,403.72,0.55,135,69,27856.68,0.511,25328,48,F,None,OTA,26,Family,CAMP_C,True,False,0.57,0.51,False,29.25,20.18,False,1810.52,21.77,Low,1865.0,844.3,False
472,2024-11-03,Hotel,CDG,303.64,304.2,0.5,262,129,39241.8,0.492,45494,54,M,Silver,OTA,92,Business,NONE,False,False,0.0,0.38,True,40.34,6.56,False,229.05,14.39,Low,,,
473,2024-03-28,Hotel,CDG,223.87,230.63,0.53,143,71,16374.73,0.497,37098,64,M,None,Agent,16,Leisure,CAMP_A,True,True,0.07,-0.66,False,63.75,8.83,False,103.4,4.25,Low,,,
474,2024-10-28,Flight,HKG,558.66,738.4,0.82,121,102,75316.8,0.843,33562,57,M,None,Direct,23,Leisure,CAMP_C,True,False,0.07,-0.18,False,31.32,38.76,False,1836.5,2.85,Medium,1628.0,810.48,False
475,2024-10-17,Flight,SIN,466.22,516.54,0.61,244,143,73865.22,0.586,34638,50,M,Platinum,OTA,57,Leisure,CAMP_B,True,True,0.39,0.02,False,140.0,20.45,False,1839.31,14.28,Medium,1916.0,910.01,False
476,2024-12-04,Hotel,JFK,220.34,240.52,0.59,179,106,25495.12,0.592,13625,35,F,None,OTA,56,Business,NONE,False,False,0.0,0.07,False,10.28,7.25,False,120.64,30.38,Low,,,
477,2024-12-24,Hotel,HKG,189.44,217.74,0.65,161,103,22427.22,0.64,43793,56,M,None,Agent,42,Leisure,CAMP_C,True,False,0.08,-0.13,True,32.82,10.96,False,180.89,4.3,Low,,,
478,2024-03-21,Flight,CDG,761.58,946.36,0.74,311,231,218609.16,0.743,30586,31,M,Platinum,Agent,49,Leisure,CAMP_B,True,False,0.09,-0.31,False,22.97,28.12,False,2517.94,74.2,Low,8051.0,910.8,False
479,2024-10-27,Hotel,DXB,176.74,224.6,0.77,117,85,19091.0,0.726,18415,68,F,Gold,OTA,52,Leisure,CAMP_B,True,False,0.28,-0.03,False,82.26,6.11,False,133.12,4.22,Low,,,
480,2024-04-23,Hotel,SIN,174.23,243.62,0.9,224,200,48724.0,0.893,43576,44,M,Platinum,Direct,97,Business,CAMP_C,True,False,0.46,0.24,True,9.51,12.76,False,196.87,9.42,Medium,,,
481,2024-05-04,Hotel,SYD,174.48,193.68,0.61,70,40,7747.2,0.571,43463,59,M,None,Agent,0,Leisure,CAMP_B,True,False,0.14,-0.53,False,25.19,10.96,False,55.06,12.72,Medium,,,
482,2024-07-30,Flight,LHR,419.58,534.54,0.77,217,168,89802.72,0.774,24304,44,M,None,Corporate,92,Business,NONE,False,False,0.0,0.75,False,63.73,40.67,False,2112.19,10.09,Low,10463.0,938.68,False
483,2024-08-15,Flight,DXB,530.11,616.73,0.66,199,129,79558.17,0.648,47939,48,M,None,OTA,89,Business,CAMP_A,True,False,0.37,0.27,False,103.17,30.37,False,1447.95,30.38,Low,14174.0,832.39,False
484,2024-01-02,Hotel,SYD,147.06,167.56,0.64,76,45,7540.2,0.592,25024,57,F,None,Agent,113,Family,CAMP_B,True,False,0.4,-0.46,False,38.23,6.95,False,53.08,11.88,Low,,,
485,2024-09-25,Hotel,HKG,261.4,295.88,0.63,145,92,27220.96,0.634,18600,66,F,None,Corporate,15,Family,NONE,False,False,0.0,-0.38,False,53.82,7.93,False,147.01,12.22,Medium,,,
486,2024-05-10,Hotel,SIN,288.9,336.42,0.66,201,136,45753.12,0.677,48935,66,F,Gold,Corporate,106,Business,CAMP_A,True,False,0.0,0.39,False,99.36,11.8,False,177.38,2.05,Low,,,
487,2024-08-14,Hotel,DXB,232.18,261.13,0.62,68,38,9922.94,0.559,24558,63,M,Silver,Direct,49,Family,CAMP_A,True,False,0.44,-0.93,False,48.91,11.46,False,162.7,22.77,Low,,,
488,2024-02-07,Hotel,LHR,123.28,131.81,0.57,112,65,8567.65,0.58,20108,50,M,None,Agent,94,Business,CAMP_B,True,False,0.44,-0.09,False,99.49,7.81,False,189.97,12.68,Low,,,
489,2024-02-06,Hotel,DXB,230.76,323.74,0.9,122,106,34316.44,0.869,48223,27,M,Silver,Agent,28,Other,CAMP_B,True,True,0.51,0.15,False,56.59,9.7,False,141.16,13.95,Medium,,,
490,2024-10-21,Hotel,SIN,90.93,123.71,0.86,233,201,24865.71,0.863,40432,31,F,Silver,Agent,84,Business,CAMP_C,True,False,0.56,0.49,False,60.52,8.81,False,133.43,13.17,Low,,,
491,2024-05-21,Hotel,CDG,270.96,396.21,0.96,221,211,83600.31,0.955,22104,65,F,None,Agent,84,Business,NONE,False,False,0.0,0.37,False,81.87,3.94,False,125.04,4.12,Low,,,
492,2024-07-19,Flight,SYD,515.33,678.47,0.82,267,222,150620.34,0.831,37474,23,M,None,OTA,4,Other,NONE,False,False,0.0,-0.01,False,26.16,29.56,False,2230.4,1.69,Medium,2029.0,849.43,True
493,2024-09-28,Flight,CDG,468.56,610.51,0.8,187,147,89744.97,0.786,15508,53,M,None,Corporate,79,Business,NONE,False,False,0.0,-0.47,False,33.8,29.45,False,2322.94,14.74,Low,2121.0,818.44,False
494,2024-03-10,Hotel,DXB,192.47,258.55,0.84,66,58,14995.9,0.879,15861,46,M,None,Agent,9,Business,NONE,False,False,0.0,0.02,False,33.2,9.51,False,108.11,15.33,Medium,,,
495,2024-01-26,Flight,LHR,518.35,730.71,0.91,136,119,86954.49,0.875,48368,40,F,None,Corporate,52,Business,CAMP_A,True,False,0.52,0.3,False,106.19,29.98,False,2160.0,8.44,Low,3111.0,902.16,False
496,2024-08-01,Flight,SIN,530.48,566.25,0.57,362,200,113250.0,0.552,33758,20,F,Gold,Direct,86,Other,CAMP_C,True,False,0.28,0.73,False,49.97,31.82,False,2432.22,48.5,Low,7373.0,858.47,False
497,2024-05-06,Flight,LHR,431.91,428.8,0.49,397,195,83616.0,0.491,31408,20,F,Gold,Agent,58,Business,CAMP_B,True,False,0.11,-0.44,True,64.73,31.16,False,2031.31,21.43,Low,8519.0,844.89,False
498,2024-09-28,Flight,DXB,515.53,571.48,0.61,392,241,137726.68,0.615,20989,29,M,None,Agent,75,Leisure,CAMP_A,True,False,0.04,0.8,True,64.02,34.51,False,2046.26,42.18,Low,5871.0,933.74,False
499,2024-07-11,Flight,SIN,506.15,623.47,0.73,332,241,150256.27,0.726,26338,38,M,None,Agent,55,Leisure,CAMP_B,True,True,0.29,-0.84,False,22.08,33.81,False,2033.02,7.63,Medium,5874.0,827.62,False
500,2024-06-14,Hotel,DXB,230.5,267.19,0.66,112,77,20573.63,0.688,19084,32,M,None,Direct,110,Business,CAMP_A,True,True,0.4,0.7,True,114.06,6.76,False,116.86,19.51,Low,,,
501,2024-07-18,Hotel,DXB,165.01,217.75,0.82,52,37,8056.75,0.712,38550,50,M,Gold,Corporate,21,Business,CAMP_A,True,True,0.54,0.34,False,58.15,6.0,True,209.37,4.79,Low,,,
502,2024-01-13,Hotel,SIN,192.6,233.45,0.71,232,164,38285.8,0.707,44331,49,M,Gold,Direct,81,Business,CAMP_C,True,False,0.47,-0.41,False,21.88,10.06,False,147.29,8.6,Low,,,
503,2024-01-07,Hotel,LHR,242.0,275.08,0.64,82,52,14304.16,0.634,16947,35,F,Gold,Agent,62,Business,CAMP_B,True,False,0.59,0.63,True,53.73,7.18,False,153.95,17.18,Low,,,
504,2024-05-27,Hotel,SIN,240.01,267.53,0.61,82,46,12306.38,0.561,15281,29,F,None,Direct,72,Business,CAMP_C,True,True,0.2,0.22,True,28.72,3.23,False,222.11,0.9,Low,,,
505,2024-01-17,Hotel,SYD,253.94,370.16,0.96,103,97,35905.52,0.942,22669,56,F,None,Corporate,54,Business,CAMP_A,True,False,0.59,1.97,True,54.74,13.47,False,168.41,8.31,Low,,,
506,2024-01-02,Flight,JFK,402.05,516.98,0.79,306,235,121490.3,0.768,35616,55,F,None,Direct,86,Leisure,NONE,False,False,0.0,-0.05,False,30.03,31.93,False,1935.82,42.84,Low,4258.0,927.96,False
507,2024-05-13,Flight,SYD,514.06,636.2,0.74,201,144,91612.8,0.716,14945,42,F,None,Corporate,17,Business,CAMP_A,True,False,0.36,0.29,False,23.84,27.33,False,2130.62,30.51,Low,2347.0,893.84,False
508,2024-07-15,Flight,DXB,483.13,651.2,0.85,374,321,209035.2,0.858,44502,41,F,None,Corporate,38,Leisure,CAMP_C,True,False,0.5,0.29,False,21.68,27.46,False,2499.76,24.55,Low,1912.0,851.68,False
509,2024-02-17,Flight,JFK,559.76,733.72,0.81,380,312,228920.64,0.821,29165,31,M,None,Corporate,8,Family,CAMP_B,True,False,0.22,0.32,False,55.18,34.62,False,2208.69,38.13,Low,6131.0,769.18,False
510,2024-09-14,Hotel,HKG,254.78,280.44,0.6,255,148,41505.12,0.58,47361,61,M,None,Corporate,40,Leisure,NONE,False,False,0.0,0.58,True,73.76,8.15,False,166.33,0.7,Low,,,
511,2024-06-23,Hotel,SYD,186.84,253.96,0.86,124,103,26157.88,0.831,33928,18,M,None,OTA,114,Other,CAMP_A,True,False,0.02,-0.75,True,130.96,10.24,False,104.92,18.04,Low,,,
512,2024-05-09,Hotel,SYD,186.82,193.21,0.53,250,131,25310.51,0.524,16563,28,F,Gold,Corporate,52,Leisure,CAMP_A,True,True,0.44,0.32,True,15.55,8.57,False,130.63,10.5,Low,,,
513,2024-10-03,Flight,HKG,507.8,781.37,1.04,304,304,237536.48,1.0,24942,69,F,Silver,Corporate,21,Business,CAMP_B,True,False,0.08,0.11,False,33.15,26.63,False,2011.58,19.31,Low,10007.0,818.04,False
514,2024-07-04,Hotel,CDG,222.61,308.65,0.89,168,145,44754.25,0.863,38037,34,F,None,Corporate,76,Leisure,CAMP_A,True,False,0.06,0.56,True,14.64,10.68,False,246.05,16.86,Low,,,
515,2024-09-19,Hotel,DXB,265.28,393.21,0.98,167,166,65272.86,0.994,10785,40,F,None,Corporate,6,Leisure,CAMP_A,True,True,0.3,0.27,False,83.85,7.46,False,179.53,2.93,Low,,,
516,2024-09-10,Hotel,LHR,188.54,224.68,0.69,257,178,39993.04,0.693,15810,35,F,Silver,Agent,105,Leisure,CAMP_B,True,False,0.25,-1.43,False,35.61,10.1,False,167.23,3.33,Low,,,
517,2024-05-20,Flight,JFK,494.5,544.9,0.6,204,117,63753.3,0.574,12647,53,M,Silver,OTA,108,Leisure,CAMP_C,True,True,0.35,-0.62,True,3.74,25.95,False,2656.57,74.47,High,2339.0,820.93,False
518,2024-03-10,Hotel,LHR,126.54,143.61,0.63,139,83,11919.63,0.597,43595,42,F,Gold,Corporate,42,Business,CAMP_B,True,False,0.02,0.39,True,5.59,5.29,False,53.0,19.31,Low,,,
519,2024-12-18,Hotel,HKG,293.79,349.33,0.69,70,48,16767.84,0.686,42864,63,F,Gold,Corporate,85,Leisure,NONE,False,False,0.0,0.03,True,60.38,8.1,False,124.73,14.18,Low,,,
520,2024-05-27,Flight,DXB,454.11,596.42,0.81,388,316,188468.72,0.814,12188,63,F,Silver,Corporate,2,Business,CAMP_A,True,False,0.25,-0.33,True,58.26,31.41,False,1989.26,41.65,Low,1221.0,814.03,False
521,2024-07-25,Hotel,DXB,203.83,296.46,0.95,176,165,48915.9,0.938,44425,70,M,None,OTA,46,Business,CAMP_B,True,True,0.32,0.23,False,33.79,8.13,False,218.23,9.55,High,,,
522,2024-02-06,Hotel,SIN,173.54,241.22,0.89,166,147,35459.34,0.886,43611,23,F,Gold,Corporate,9,Other,NONE,False,False,0.0,0.66,True,102.73,8.4,False,148.37,6.11,Medium,,,
523,2024-02-11,Hotel,HKG,160.16,200.47,0.75,131,102,20447.94,0.779,33915,34,M,Silver,OTA,102,Business,CAMP_B,True,True,0.41,-0.56,False,22.78,10.91,False,92.6,1.41,Low,,,
524,2024-09-05,Hotel,JFK,237.7,342.21,0.94,125,121,41407.41,0.968,26650,67,F,None,Direct,110,Family,CAMP_B,True,False,0.03,0.95,False,41.54,10.25,False,121.12,2.11,Medium,,,
525,2024-06-13,Hotel,SIN,260.71,322.21,0.74,112,84,27065.64,0.75,24187,51,F,None,Direct,41,Family,CAMP_C,True,False,0.03,0.09,False,16.62,8.94,False,92.27,0.98,Low,,,
526,2024-12-03,Flight,HKG,297.85,349.4,0.67,243,160,55904.0,0.658,30031,67,M,Silver,Direct,80,Business,CAMP_A,True,False,0.46,0.53,True,70.96,24.7,False,2074.85,48.26,Low,13447.0,836.68,False
527,2024-07-17,Hotel,LHR,194.45,232.52,0.7,187,131,30460.12,0.701,45714,68,F,Silver,Agent,75,Family,CAMP_C,True,False,0.06,-0.36,True,35.93,7.14,False,137.23,3.84,Low,,,
528,2024-07-10,Flight,CDG,523.81,682.27,0.8,319,258,176025.66,0.809,19332,55,F,Platinum,OTA,90,Business,CAMP_B,True,False,0.2,-0.69,False,145.4,27.56,False,1935.32,28.13,Medium,7283.0,849.3,False
529,2024-09-13,Hotel,LHR,153.65,208.06,0.85,178,154,32041.24,0.865,40709,50,M,None,Corporate,65,Leisure,CAMP_B,True,False,0.43,0.36,False,27.59,9.66,False,101.03,2.88,Low,,,
530,2024-08-04,Flight,SYD,369.83,459.05,0.74,152,114,52331.7,0.75,37494,19,F,Silver,Direct,17,Leisure,CAMP_A,True,False,0.1,-0.28,False,49.11,30.12,False,2445.36,13.91,Low,3713.0,867.49,False
531,2024-04-18,Hotel,DXB,255.11,331.77,0.8,76,59,19574.43,0.776,15792,38,F,Silver,Direct,21,Leisure,CAMP_A,True,True,0.59,-0.13,False,32.63,6.31,False,139.87,11.49,Low,,,
532,2024-06-26,Hotel,CDG,207.52,254.81,0.73,263,190,48413.9,0.722,13045,70,F,Silver,Corporate,64,Business,CAMP_B,True,False,0.31,-0.53,False,150.0,5.44,True,140.24,6.54,Medium,,,
533,2024-08-11,Hotel,HKG,130.63,129.78,0.49,261,129,16741.62,0.494,15868,29,M,None,Corporate,0,Family,CAMP_A,True,False,0.47,0.9,False,51.97,7.21,False,125.15,2.25,Low,,,
534,2024-11-25,Flight,SYD,475.79,709.95,0.99,216,216,153349.2,1.0,42679,67,F,Gold,Corporate,110,Business,NONE,False,False,0.0,-0.02,True,50.61,24.97,False,1627.75,20.61,Low,7197.0,815.24,False
535,2024-01-23,Hotel,JFK,298.57,382.25,0.78,163,131,50074.75,0.804,22281,48,F,Silver,Corporate,113,Leisure,CAMP_A,True,False,0.18,0.65,False,55.96,5.82,False,215.23,2.56,Medium,,,
536,2024-10-23,Hotel,DXB,219.81,197.12,0.4,207,82,16163.84,0.396,14115,47,F,None,Direct,89,Leisure,NONE,False,False,0.0,0.48,False,16.51,8.68,False,217.71,12.81,Low,,,
537,2024-08-23,Hotel,LHR,86.37,102.47,0.69,183,127,13013.69,0.694,27671,55,F,None,Corporate,89,Business,CAMP_A,True,False,0.37,-0.04,False,18.78,4.83,False,129.09,6.16,Low,,,
538,2024-12-06,Flight,SIN,443.17,488.43,0.6,146,86,42004.98,0.589,14221,69,M,None,OTA,14,Leisure,CAMP_B,True,False,0.06,-0.58,False,156.26,31.64,False,2274.47,39.76,Medium,10379.0,983.19,False
539,2024-03-10,Hotel,SYD,242.71,334.19,0.88,283,247,82544.93,0.873,11639,47,F,Silver,Direct,76,Business,CAMP_C,True,False,0.22,-0.09,False,39.3,8.45,False,160.64,10.35,Low,,,
540,2024-07-25,Flight,SYD,307.51,423.1,0.88,133,112,47387.2,0.842,38623,41,F,None,Direct,61,Family,CAMP_C,True,False,0.47,-0.21,False,40.84,27.69,False,2031.07,10.5,Low,4701.0,797.67,False
541,2024-01-15,Hotel,JFK,298.69,396.54,0.83,68,60,23792.4,0.882,48539,70,M,None,Corporate,68,Business,CAMP_A,True,True,0.03,-0.59,True,111.39,5.93,False,88.15,9.05,Medium,,,
542,2024-12-31,Hotel,JFK,261.13,348.58,0.83,194,165,57515.7,0.851,34755,25,F,None,OTA,75,Business,CAMP_B,True,True,0.16,-0.16,False,11.69,7.57,False,107.87,15.39,Medium,,,
543,2024-01-21,Hotel,LHR,212.7,289.52,0.86,299,261,75564.72,0.873,12031,65,F,Silver,OTA,28,Business,NONE,False,False,0.0,0.18,False,42.42,6.71,False,206.5,4.99,Medium,,,
544,2024-10-14,Flight,HKG,497.9,550.72,0.61,182,111,61129.92,0.61,44401,69,F,Gold,Agent,77,Other,NONE,False,False,0.0,0.2,False,28.47,29.9,False,2370.68,28.45,Low,13938.0,964.9,False
545,2024-09-01,Flight,CDG,454.37,553.31,0.72,199,142,78570.02,0.714,34896,66,F,Gold,OTA,94,Family,NONE,False,False,0.0,0.3,False,45.11,29.8,False,1374.85,42.68,Medium,6580.0,918.92,False
546,2024-02-27,Hotel,LHR,265.47,361.08,0.86,251,217,78354.36,0.865,30249,66,M,Platinum,Direct,48,Business,CAMP_B,True,False,0.5,0.48,False,98.92,8.57,False,107.69,11.81,Low,,,
547,2024-09-21,Hotel,DXB,214.71,224.64,0.55,170,89,19992.96,0.524,16061,18,M,Gold,Agent,79,Leisure,CAMP_A,True,False,0.53,-0.21,False,89.56,6.59,False,134.46,2.45,Low,,,
548,2024-06-20,Flight,DXB,560.06,637.29,0.64,389,251,159959.79,0.645,24641,61,M,Silver,Corporate,29,Leisure,CAMP_B,True,True,0.52,0.4,False,3.55,18.41,False,2134.7,3.32,Low,10034.0,830.12,False
549,2024-05-07,Hotel,HKG,95.24,122.9,0.79,172,137,16837.3,0.797,12174,20,F,None,Direct,93,Business,CAMP_B,True,False,0.48,-0.32,False,61.66,7.57,False,173.1,10.85,Low,,,
550,2024-10-23,Flight,CDG,280.43,367.44,0.81,265,216,79367.04,0.815,36696,32,M,None,Agent,49,Leisure,CAMP_B,True,False,0.13,0.02,True,70.09,35.35,False,1550.38,50.65,Low,11159.0,814.17,False
551,2024-01-20,Hotel,LHR,197.74,242.8,0.73,115,80,19424.0,0.696,18734,64,M,None,Direct,101,Family,CAMP_A,True,False,0.17,0.42,True,108.88,6.41,False,218.72,2.45,High,,,
552,2024-01-03,Flight,DXB,370.4,460.9,0.74,349,257,118451.3,0.736,26587,66,M,None,OTA,15,Business,CAMP_A,True,False,0.36,-0.73,False,41.49,21.99,False,2239.36,4.32,Low,1021.0,788.16,False
553,2024-04-03,Hotel,CDG,187.69,266.42,0.92,97,90,23977.8,0.928,21315,41,F,Gold,OTA,5,Other,CAMP_C,True,False,0.4,0.18,True,90.39,10.03,False,107.3,3.21,Low,,,
554,2024-10-08,Flight,JFK,636.93,644.24,0.51,142,67,43164.08,0.472,47013,51,M,Platinum,Agent,97,Leisure,CAMP_B,True,False,0.31,1.05,True,85.74,36.86,False,2176.87,18.56,Medium,429.0,903.71,False
555,2024-04-06,Hotel,LHR,236.35,331.33,0.9,275,244,80844.52,0.887,31533,20,M,None,Agent,55,Business,NONE,False,False,0.0,1.29,False,21.23,7.22,False,176.79,3.31,Low,,,
556,2024-03-18,Flight,JFK,637.05,775.95,0.72,278,196,152086.2,0.705,26244,48,M,Silver,Direct,75,Leisure,CAMP_A,True,False,0.16,-0.94,True,83.87,28.61,False,2121.56,29.83,High,11423.0,854.07,False
557,2024-07-27,Flight,CDG,385.48,495.31,0.78,362,282,139677.42,0.779,14443,27,M,Silver,Agent,10,Other,NONE,False,False,0.0,-0.5,True,12.94,29.02,False,2162.02,8.35,Medium,2358.0,881.34,False
558,2024-07-31,Flight,DXB,618.11,839.21,0.86,212,185,155253.85,0.873,43534,49,F,Gold,OTA,112,Leisure,CAMP_A,True,False,0.48,0.09,False,58.48,33.1,False,2377.03,52.2,Low,5342.0,879.3,False
559,2024-02-27,Hotel,SIN,150.85,198.56,0.82,272,226,44874.56,0.831,30566,64,M,None,Direct,14,Business,NONE,False,False,0.0,0.16,True,73.92,8.47,False,153.67,3.59,Low,,,
560,2024-12-11,Hotel,DXB,270.03,277.26,0.53,266,135,37430.1,0.508,43659,48,F,None,OTA,76,Other,CAMP_A,True,False,0.59,1.2,False,28.91,6.89,False,225.58,16.29,Medium,,,
561,2024-03-21,Hotel,JFK,253.2,294.41,0.66,258,168,49460.88,0.651,34285,20,M,Platinum,OTA,101,Leisure,CAMP_A,True,True,0.41,0.44,True,53.1,4.55,False,178.77,20.93,Low,,,
562,2024-06-23,Hotel,SIN,206.86,260.62,0.76,56,46,11988.52,0.821,42987,63,M,None,OTA,46,Leisure,CAMP_B,True,False,0.53,0.36,True,21.89,7.26,False,253.55,2.69,High,,,
563,2024-02-25,Hotel,HKG,231.56,304.78,0.82,139,110,33525.8,0.791,47443,59,F,Gold,OTA,21,Family,CAMP_A,True,False,0.56,0.19,False,64.97,5.15,False,239.97,5.35,Low,,,
564,2024-03-16,Hotel,DXB,204.81,227.16,0.61,101,62,14083.92,0.614,10001,44,M,Gold,Direct,97,Family,CAMP_A,True,True,0.59,-0.38,False,80.22,5.44,False,146.85,0.57,Low,,,
565,2024-07-04,Hotel,CDG,224.92,287.1,0.78,242,190,54549.0,0.785,30434,26,F,None,Corporate,89,Business,CAMP_A,True,False,0.06,0.3,True,11.85,6.71,False,172.73,27.95,Low,,,
566,2024-03-18,Hotel,SIN,153.22,177.19,0.66,288,186,32957.34,0.646,32863,57,F,Silver,Corporate,33,Business,CAMP_C,True,True,0.36,0.45,False,283.26,5.26,False,46.57,15.19,Low,,,
567,2024-11-28,Hotel,SYD,215.84,298.47,0.88,199,176,52530.72,0.884,31539,59,M,None,Agent,103,Business,NONE,False,False,0.0,0.23,True,55.66,9.69,False,132.23,3.05,Low,,,
568,2024-05-04,Hotel,DXB,186.95,194.48,0.54,113,58,11279.84,0.513,29996,50,M,None,Corporate,115,Family,CAMP_B,True,False,0.34,0.4,True,1.87,10.73,False,95.44,3.29,Low,,,
569,2024-05-27,Hotel,JFK,157.41,177.85,0.63,271,168,29878.8,0.62,31006,44,M,None,OTA,5,Leisure,CAMP_A,True,False,0.46,-0.32,False,32.34,6.54,False,137.03,23.78,High,,,
570,2024-12-11,Hotel,JFK,274.97,337.51,0.73,55,44,14850.44,0.8,13063,59,F,None,Agent,72,Business,CAMP_B,True,False,0.52,-0.63,True,13.36,8.91,False,174.33,0.29,Medium,,,
571,2024-05-20,Flight,LHR,705.6,949.16,0.85,130,109,103458.44,0.838,39267,57,M,None,OTA,101,Leisure,NONE,False,False,0.0,0.87,False,48.11,30.08,False,2151.65,36.58,High,14550.0,838.84,False
572,2024-11-01,Hotel,HKG,108.22,160.69,0.98,140,133,21371.77,0.95,43053,58,F,None,Corporate,67,Leisure,CAMP_B,True,True,0.33,-0.3,True,21.42,10.37,False,218.52,0.44,Low,,,
573,2024-07-27,Hotel,CDG,267.55,268.76,0.5,241,120,32251.2,0.498,33898,68,M,None,Direct,111,Business,NONE,False,False,0.0,-0.27,False,35.9,8.14,False,197.15,5.55,Low,,,
574,2024-01-08,Hotel,HKG,225.0,378.51,1.18,252,252,95384.52,1.0,32962,49,M,Platinum,Corporate,119,Business,CAMP_A,True,True,0.13,-0.2,False,68.85,9.06,False,93.68,10.73,Low,,,
575,2024-07-20,Flight,CDG,628.53,790.48,0.76,195,146,115410.08,0.749,15602,56,M,None,Direct,4,Other,NONE,False,False,0.0,-0.33,False,72.81,33.16,False,1943.71,17.9,Low,11915.0,905.58,False
576,2024-10-18,Hotel,DXB,116.15,159.55,0.87,218,192,30633.6,0.881,39680,63,M,Platinum,Corporate,69,Business,CAMP_B,True,False,0.59,0.42,False,9.91,7.44,False,120.39,6.45,Low,,,
577,2024-04-25,Flight,CDG,489.26,687.93,0.91,347,316,217385.88,0.911,37678,64,M,None,OTA,108,Leisure,CAMP_B,True,False,0.14,-0.68,False,71.79,18.58,False,1838.94,45.7,Low,9597.0,868.89,False
578,2024-04-03,Hotel,DXB,179.0,171.91,0.46,118,58,9970.78,0.492,27280,41,F,None,Agent,36,Leisure,CAMP_B,True,True,0.54,0.02,True,49.07,7.85,False,149.6,13.87,Medium,,,
579,2024-01-24,Hotel,HKG,184.93,250.71,0.86,119,101,25321.71,0.849,11868,35,F,None,Agent,108,Family,CAMP_A,True,False,0.4,-0.54,True,153.24,7.76,False,160.58,5.37,Medium,,,
580,2024-11-16,Flight,HKG,420.45,435.04,0.53,389,208,90488.32,0.535,37695,26,F,Gold,Agent,20,Other,CAMP_A,True,False,0.36,0.07,True,17.55,30.87,False,2328.75,8.22,Low,4618.0,853.62,False
581,2024-10-18,Flight,SIN,582.15,652.7,0.62,299,188,122707.6,0.629,11751,47,F,Silver,OTA,21,Business,CAMP_B,True,True,0.15,-0.38,True,38.79,28.22,False,1354.34,7.59,Low,4448.0,870.97,False
582,2024-08-05,Flight,CDG,589.81,870.12,0.98,324,319,277568.28,0.985,44422,69,F,Gold,Direct,36,Leisure,CAMP_A,True,False,0.1,-0.82,True,54.59,33.5,False,1954.74,12.29,Medium,12999.0,860.71,False
583,2024-04-08,Hotel,JFK,182.79,240.78,0.82,171,136,32746.08,0.795,42702,55,F,None,Corporate,40,Business,CAMP_A,True,False,0.48,0.83,False,61.03,8.37,False,149.12,9.13,Low,,,
584,2024-11-30,Flight,DXB,555.67,608.68,0.6,133,75,45651.0,0.564,12229,27,F,None,Direct,24,Business,CAMP_C,True,False,0.14,-0.31,False,26.43,36.89,False,2000.32,17.74,Low,7139.0,852.89,False
585,2024-06-13,Flight,DXB,236.29,281.95,0.69,147,98,27631.1,0.667,25000,19,M,None,OTA,3,Family,CAMP_C,True,False,0.35,0.24,False,89.77,39.09,False,2405.68,56.68,High,13461.0,804.55,False
586,2024-01-03,Hotel,DXB,164.83,238.7,0.95,263,246,58720.2,0.935,22041,41,M,Silver,Corporate,101,Business,NONE,False,False,0.0,-0.71,True,101.39,4.09,False,144.74,13.93,Medium,,,
587,2024-09-21,Hotel,SIN,286.35,359.46,0.76,291,216,77643.36,0.742,24666,62,F,None,Agent,100,Family,CAMP_B,True,False,0.57,0.54,True,31.88,5.02,False,147.39,13.81,Low,,,
588,2024-11-26,Hotel,SYD,86.46,108.53,0.76,79,55,5969.15,0.696,45018,67,F,None,Direct,58,Leisure,NONE,False,False,0.0,0.85,False,30.91,7.79,False,107.39,9.02,Medium,,,
589,2024-02-19,Hotel,DXB,208.25,271.31,0.8,105,82,22247.42,0.781,26325,29,F,Gold,OTA,29,Business,NONE,False,False,0.0,0.26,False,90.39,11.91,False,154.87,0.61,Medium,,,
590,2024-12-08,Flight,SYD,409.77,592.09,0.94,229,211,124930.99,0.921,40038,56,F,Gold,OTA,19,Family,CAMP_B,True,False,0.26,-0.33,True,38.95,29.33,False,2093.2,13.17,Low,5102.0,844.55,False
591,2024-04-19,Flight,LHR,428.12,539.37,0.76,362,272,146708.64,0.751,20222,47,F,None,Direct,83,Family,NONE,False,False,0.0,0.07,False,115.73,26.63,False,2293.59,7.94,Low,8953.0,802.77,False
592,2024-08-27,Hotel,SIN,232.08,265.77,0.65,255,166,44117.82,0.651,49157,28,M,Gold,Agent,114,Other,CAMP_A,True,False,0.15,0.55,True,38.38,6.92,False,108.3,11.18,Low,,,
593,2024-05-14,Hotel,JFK,128.28,171.88,0.84,139,112,19250.56,0.806,11760,56,F,Gold,OTA,75,Business,NONE,False,False,0.0,0.73,False,38.17,7.13,False,189.24,8.91,Low,,,
594,2024-07-27,Hotel,HKG,174.77,179.9,0.53,109,56,10074.4,0.514,31659,18,F,Silver,Agent,4,Other,CAMP_A,True,False,0.02,0.08,False,30.22,7.42,False,179.7,13.15,Low,,,
595,2024-02-28,Hotel,SYD,258.75,333.3,0.79,265,210,69993.0,0.792,41584,41,M,None,OTA,67,Business,CAMP_C,True,False,0.16,-0.74,False,35.56,8.74,False,109.58,18.55,Low,,,
596,2024-02-08,Hotel,DXB,194.48,286.07,0.97,225,219,62649.33,0.973,46146,31,M,Silver,OTA,58,Leisure,CAMP_C,True,False,0.11,-0.16,True,37.19,7.35,False,154.09,8.93,Low,,,
597,2024-12-04,Hotel,HKG,162.3,219.11,0.85,234,193,42288.23,0.825,23186,44,F,None,Agent,69,Business,CAMP_A,True,False,0.07,0.17,False,39.46,8.22,False,175.64,22.07,Low,,,
598,2024-08-27,Hotel,CDG,307.95,313.63,0.52,148,77,24149.51,0.52,23830,28,M,None,Agent,98,Leisure,CAMP_A,True,False,0.07,0.29,True,18.16,9.31,False,195.77,1.91,Low,,,
599,2024-09-05,Flight,CDG,571.16,619.34,0.58,287,170,105287.8,0.592,42248,28,M,None,Direct,98,Business,CAMP_A,True,False,0.08,0.48,True,6.56,24.46,False,1934.67,20.06,Low,3213.0,792.95,False
600,2024-02-28,Hotel,CDG,149.76,195.29,0.8,300,245,47846.05,0.817,17492,59,F,Silver,OTA,118,Leisure,CAMP_C,True,True,0.4,-0.03,True,68.88,6.9,False,172.42,9.22,Low,,,
601,2024-02-23,Hotel,DXB,173.06,217.16,0.75,225,169,36700.04,0.751,19335,40,F,Silver,Corporate,19,Business,CAMP_B,True,False,0.48,-0.82,False,34.48,7.4,False,230.08,10.07,Low,,,
602,2024-03-31,Flight,SYD,475.36,552.29,0.66,259,172,94993.88,0.664,25157,48,M,Gold,Agent,102,Family,CAMP_A,True,False,0.43,0.07,True,114.43,25.83,False,1954.64,104.73,Low,14867.0,795.91,False
603,2024-08-13,Hotel,SIN,150.99,177.93,0.68,94,62,11031.66,0.66,40748,49,M,None,Agent,101,Business,CAMP_A,True,True,0.05,1.15,False,19.01,10.4,False,132.24,2.61,Low,,,
604,2024-01-21,Flight,CDG,432.86,535.33,0.74,122,88,47109.04,0.721,39980,56,M,Silver,OTA,31,Leisure,NONE,False,False,0.0,0.56,False,78.99,30.5,False,2168.94,40.64,Low,5326.0,831.59,False
605,2024-05-11,Hotel,LHR,253.53,367.1,0.95,174,160,58736.0,0.92,23963,55,M,Gold,Direct,27,Leisure,NONE,False,False,0.0,0.05,True,75.06,8.8,False,117.43,1.37,Low,,,
606,2024-08-06,Flight,SIN,468.26,693.8,0.98,255,248,172062.4,0.973,36351,25,F,Gold,OTA,80,Business,CAMP_A,True,False,0.55,-0.5,False,7.01,34.73,False,2246.96,31.44,Medium,9305.0,871.76,False
607,2024-08-18,Flight,CDG,415.2,459.64,0.61,157,98,45044.72,0.624,35682,52,M,Silver,Agent,44,Business,NONE,False,False,0.0,-0.45,False,60.45,21.81,False,1964.69,48.01,Low,769.0,897.03,False
608,2024-12-14,Flight,DXB,308.39,409.14,0.83,364,302,123560.28,0.83,40732,39,F,Silver,Corporate,76,Business,CAMP_B,True,False,0.24,0.63,False,90.22,29.88,False,2387.96,17.98,Low,1135.0,854.79,False
609,2024-07-29,Hotel,JFK,225.78,242.97,0.58,291,168,40818.96,0.577,35145,65,M,Silver,Agent,82,Business,NONE,False,False,0.0,0.11,False,33.87,10.01,False,185.38,1.19,Medium,,,
610,2024-01-05,Hotel,SYD,182.09,196.6,0.58,288,167,32832.2,0.58,46935,26,F,None,Corporate,98,Business,NONE,False,False,0.0,-0.24,False,18.16,7.02,False,135.41,10.58,Medium,,,
611,2024-12-12,Hotel,JFK,107.07,152.31,0.92,202,183,27872.73,0.906,24229,61,F,None,Corporate,98,Business,CAMP_A,True,False,0.06,-0.19,True,13.07,5.0,False,131.85,2.73,Low,,,
612,2024-08-03,Hotel,HKG,148.79,192.68,0.79,204,159,30636.12,0.779,16214,57,M,None,Corporate,78,Business,CAMP_B,True,False,0.02,0.49,True,19.58,4.78,True,181.95,12.56,Medium,,,
613,2024-02-03,Flight,JFK,268.88,343.39,0.78,197,153,52538.67,0.777,43014,68,M,Gold,Agent,78,Leisure,NONE,False,False,0.0,-0.05,False,55.45,27.58,True,2486.73,38.25,Low,2943.0,831.4,False
614,2024-05-09,Hotel,CDG,218.15,257.41,0.68,61,39,10038.99,0.639,47260,20,M,None,Corporate,69,Business,CAMP_A,True,False,0.21,0.72,True,66.31,9.34,False,176.7,4.55,Medium,,,
615,2024-04-22,Hotel,CDG,234.36,304.55,0.8,298,240,73092.0,0.805,34940,64,M,Silver,Corporate,18,Other,CAMP_A,True,False,0.47,0.71,True,32.2,4.75,False,174.01,24.04,Medium,,,
616,2024-11-12,Flight,SIN,372.9,478.9,0.78,276,217,103921.3,0.786,34681,55,M,Gold,OTA,34,Other,CAMP_B,True,True,0.22,1.04,False,31.88,20.42,False,2034.24,25.12,Low,14081.0,820.82,False
617,2024-07-31,Hotel,LHR,357.16,426.57,0.69,163,115,49055.55,0.706,47947,35,M,Silver,Direct,1,Leisure,CAMP_A,True,False,0.33,0.26,False,109.6,8.61,False,130.48,3.88,Medium,,,
618,2024-01-25,Hotel,DXB,266.29,372.17,0.9,281,255,94903.35,0.907,10302,68,M,None,Agent,37,Business,CAMP_C,True,False,0.45,0.04,True,37.56,10.8,False,197.93,6.38,Low,,,
619,2024-07-25,Hotel,JFK,165.03,198.29,0.7,72,48,9517.92,0.667,27059,46,F,Platinum,Agent,22,Leisure,CAMP_A,True,False,0.45,0.41,False,89.93,7.66,False,132.54,7.77,Low,,,
620,2024-03-19,Hotel,SIN,225.92,273.56,0.71,286,203,55532.68,0.71,34578,31,F,Gold,Corporate,51,Business,NONE,False,False,0.0,0.4,False,20.99,8.66,False,158.45,13.43,High,,,
621,2024-07-26,Hotel,CDG,264.04,313.64,0.69,205,137,42968.68,0.668,18856,44,M,Silver,Agent,71,Business,NONE,False,False,0.0,-0.3,False,37.9,6.84,False,118.55,0.81,Low,,,
622,2024-07-16,Flight,SYD,562.21,745.91,0.83,261,211,157387.01,0.808,39051,21,F,None,Corporate,62,Business,NONE,False,False,0.0,0.1,False,26.29,38.37,False,1816.02,2.74,Low,13772.0,767.17,False
623,2024-02-24,Hotel,SIN,148.37,159.84,0.58,62,30,4795.2,0.484,39554,48,M,Gold,Corporate,13,Leisure,NONE,False,False,0.0,0.49,False,89.11,5.97,False,158.75,1.21,High,,,
624,2024-08-07,Flight,SIN,455.15,573.97,0.76,371,280,160711.6,0.755,11703,29,M,None,Agent,14,Business,CAMP_C,True,True,0.57,0.72,True,15.41,37.14,False,1915.95,8.58,Low,13623.0,954.96,False
625,2024-02-11,Flight,CDG,408.49,549.58,0.85,239,199,109366.42,0.833,17715,40,F,Silver,Agent,93,Leisure,NONE,False,False,0.0,0.27,False,20.41,30.09,False,2421.58,46.87,Low,12981.0,858.36,False
626,2024-04-17,Flight,SIN,645.85,807.6,0.75,361,268,216436.8,0.742,27382,23,M,Gold,Agent,84,Business,CAMP_A,True,False,0.42,0.57,False,46.41,30.3,False,1519.85,4.65,Medium,13250.0,842.65,False
627,2024-09-03,Hotel,CDG,199.52,199.98,0.5,131,60,11998.8,0.458,35738,60,M,None,Direct,17,Leisure,CAMP_B,True,False,0.34,0.84,False,37.59,10.45,False,161.12,18.7,High,,,
628,2024-10-12,Hotel,HKG,174.24,200.45,0.65,271,178,35680.1,0.657,25661,36,F,None,Agent,118,Family,CAMP_A,True,True,0.51,0.64,False,94.89,7.46,False,206.84,2.91,Low,,,
629,2024-12-20,Flight,HKG,395.36,469.71,0.69,330,223,104745.33,0.676,43966,32,F,Platinum,Agent,28,Leisure,NONE,False,False,0.0,-0.14,False,5.01,29.9,True,1781.64,34.44,High,12489.0,836.04,False
630,2024-05-02,Hotel,HKG,212.57,278.66,0.81,68,51,14211.66,0.75,43505,45,F,None,Corporate,24,Family,NONE,False,False,0.0,0.61,False,66.46,7.18,False,159.28,15.62,Low,,,
631,2024-04-15,Flight,LHR,663.44,950.61,0.93,237,225,213887.25,0.949,39272,29,M,Silver,Agent,58,Family,CAMP_A,True,False,0.03,-0.45,False,43.21,34.78,False,1675.84,31.45,Low,1196.0,836.71,False
632,2024-03-26,Hotel,HKG,125.1,184.8,0.98,192,183,33818.4,0.953,43476,31,F,Silver,OTA,19,Leisure,CAMP_A,True,False,0.54,1.24,False,85.2,7.7,False,179.13,5.59,Low,,,
633,2024-02-02,Flight,SYD,220.88,270.62,0.73,297,213,57642.06,0.717,39166,19,M,None,Corporate,78,Family,CAMP_A,True,True,0.08,-0.12,False,5.52,23.83,False,2152.04,58.93,Low,6030.0,812.23,False
634,2024-12-08,Flight,CDG,369.59,447.52,0.71,335,242,108299.84,0.722,38428,28,M,Gold,Corporate,32,Business,CAMP_B,True,False,0.52,-0.16,False,164.17,38.14,False,1888.73,29.29,Medium,9860.0,783.98,False
635,2024-02-14,Flight,JFK,369.03,413.4,0.62,301,186,76892.4,0.618,41923,38,F,Gold,OTA,67,Family,CAMP_A,True,False,0.27,0.36,True,93.86,30.7,False,2421.82,53.74,Low,9526.0,801.28,False
636,2024-08-09,Hotel,SIN,229.93,302.82,0.82,223,180,54507.6,0.807,30947,28,M,Gold,Corporate,21,Leisure,CAMP_B,True,False,0.26,-0.68,False,113.11,10.21,False,94.89,1.24,Low,,,
637,2024-06-19,Hotel,DXB,202.26,268.61,0.83,94,79,21220.19,0.84,49784,40,M,None,Agent,79,Family,NONE,False,False,0.0,-1.07,False,65.32,7.95,False,232.09,18.23,Low,,,
638,2024-11-23,Hotel,CDG,233.91,253.26,0.58,262,147,37229.22,0.561,38797,60,M,Silver,OTA,56,Leisure,CAMP_B,True,False,0.02,-0.28,False,75.59,7.65,False,118.01,21.93,Low,,,
639,2024-10-31,Hotel,LHR,143.46,198.8,0.89,86,71,14114.8,0.826,47616,42,F,Gold,Agent,82,Family,CAMP_A,True,True,0.23,0.07,False,71.48,4.67,False,213.97,4.01,Low,,,
640,2024-03-13,Flight,CDG,570.32,761.68,0.84,353,295,224695.6,0.836,36550,28,M,None,Agent,34,Family,NONE,False,False,0.0,0.22,False,24.22,33.22,False,1994.36,22.08,Medium,1269.0,786.61,False
641,2024-12-24,Flight,HKG,419.5,557.57,0.83,195,159,88653.63,0.815,49467,20,M,None,OTA,84,Leisure,CAMP_C,True,True,0.35,-0.35,True,107.66,24.75,False,2164.53,39.76,Low,4087.0,797.96,False
642,2024-02-20,Hotel,LHR,163.74,197.47,0.71,144,97,19154.59,0.674,39978,52,M,Silver,OTA,86,Business,CAMP_A,True,False,0.31,0.21,False,90.1,8.27,False,172.25,32.02,Medium,,,
643,2024-10-29,Flight,LHR,409.01,501.98,0.73,296,212,106419.76,0.716,48470,62,F,None,Agent,1,Business,NONE,False,False,0.0,0.08,False,150.27,30.27,False,2237.37,13.24,Low,2025.0,889.69,False
644,2024-06-25,Hotel,SYD,209.84,293.29,0.9,63,54,15837.66,0.857,24303,52,M,None,OTA,110,Leisure,CAMP_A,True,False,0.28,0.46,False,46.38,7.08,False,78.71,12.55,Medium,,,
645,2024-02-20,Hotel,JFK,239.58,347.52,0.95,185,174,60468.48,0.941,25785,32,M,None,Agent,89,Leisure,CAMP_B,True,False,0.52,-0.29,False,46.97,9.29,False,141.61,0.06,Low,,,
646,2024-04-06,Flight,SIN,509.61,565.64,0.61,207,126,71270.64,0.609,43095,33,F,None,Corporate,37,Family,NONE,False,False,0.0,0.79,False,38.58,21.82,False,1519.36,7.13,Low,12182.0,833.4,False
647,2024-11-14,Flight,JFK,519.52,683.16,0.81,240,193,131849.88,0.804,37911,62,M,Gold,Corporate,50,Business,NONE,False,False,0.0,-0.24,False,38.17,32.08,False,2175.21,11.55,Low,12758.0,884.12,False
648,2024-02-10,Flight,DXB,546.39,622.27,0.64,196,120,74672.4,0.612,14865,58,F,Silver,Corporate,36,Family,CAMP_A,True,False,0.11,-0.35,False,26.9,30.74,False,1770.87,7.5,Low,2175.0,874.3,False
649,2024-05-26,Hotel,DXB,97.46,122.24,0.75,237,177,21636.48,0.747,41711,55,F,Silver,Corporate,44,Family,CAMP_A,True,False,0.2,-0.46,False,7.34,12.25,True,182.51,15.66,Low,,,
650,2024-07-05,Hotel,HKG,134.5,165.51,0.73,278,200,33102.0,0.719,46537,46,F,Gold,Direct,82,Business,NONE,False,False,0.0,0.0,False,84.74,8.46,False,97.19,17.12,Medium,,,
651,2024-05-04,Flight,SYD,551.78,782.41,0.92,230,215,168218.15,0.935,23995,38,M,None,Corporate,44,Business,CAMP_A,True,True,0.17,-0.42,False,46.42,28.13,False,1529.24,38.8,Low,3958.0,777.36,False
652,2024-11-13,Hotel,JFK,130.81,132.0,0.51,110,58,7656.0,0.527,37842,18,M,Gold,Direct,106,Business,CAMP_C,True,False,0.2,-0.64,True,116.32,7.23,False,83.42,0.94,Low,,,
653,2024-02-01,Hotel,JFK,75.01,88.56,0.68,117,74,6553.44,0.632,42767,63,M,None,Direct,91,Business,CAMP_B,True,False,0.4,-0.36,False,108.59,6.76,True,142.53,11.71,Low,,,
654,2024-05-13,Flight,SYD,626.74,810.11,0.79,191,154,124756.94,0.806,33853,52,F,None,Direct,17,Business,CAMP_A,True,False,0.47,0.14,False,16.0,25.03,False,1998.86,10.84,Medium,11601.0,803.75,False
655,2024-07-31,Flight,SIN,530.01,596.94,0.63,205,126,75214.44,0.615,32636,64,F,Silver,Corporate,120,Family,NONE,False,False,0.0,-0.59,True,3.57,22.52,False,1866.0,44.34,Medium,4610.0,829.24,False
656,2024-06-22,Flight,LHR,291.75,394.91,0.85,314,266,105046.06,0.847,35651,26,F,Platinum,OTA,24,Leisure,CAMP_A,True,False,0.27,0.29,False,25.69,37.93,False,1793.28,13.29,Medium,554.0,855.38,False
657,2024-10-24,Hotel,CDG,340.11,484.92,0.93,237,216,104742.72,0.911,24567,19,M,Silver,OTA,95,Leisure,CAMP_A,True,False,0.05,0.16,False,19.38,6.1,True,55.76,14.18,Medium,,,
658,2024-10-04,Flight,HKG,370.52,458.48,0.74,285,211,96739.28,0.74,12874,65,M,Gold,Direct,37,Leisure,CAMP_A,True,False,0.52,0.66,False,47.21,15.77,False,1794.17,42.83,Low,9408.0,785.06,False
659,2024-08-14,Hotel,SYD,188.56,232.32,0.73,261,186,43211.52,0.713,17747,37,M,Silver,Agent,54,Family,NONE,False,False,0.0,0.71,True,44.35,8.9,False,121.8,7.36,Low,,,
660,2024-01-27,Hotel,HKG,161.51,218.87,0.86,129,106,23200.22,0.822,19325,59,F,None,Direct,101,Leisure,NONE,False,False,0.0,0.1,False,70.32,10.55,False,148.81,10.04,Low,,,
661,2024-05-19,Hotel,CDG,176.6,240.57,0.86,264,222,53406.54,0.841,15051,21,F,None,OTA,66,Family,NONE,False,False,0.0,0.57,True,175.33,8.18,False,136.01,3.84,Low,,,
662,2024-10-16,Hotel,SYD,234.25,330.32,0.91,215,196,64742.72,0.912,46406,59,F,Gold,OTA,78,Business,NONE,False,False,0.0,0.06,True,32.27,9.09,False,149.85,15.83,Low,,,
663,2024-07-14,Flight,CDG,679.32,940.0,0.88,164,142,133480.0,0.866,38144,53,M,None,Agent,21,Business,CAMP_A,True,False,0.59,0.22,False,58.63,38.02,False,1867.88,18.88,Medium,5875.0,928.2,False
664,2024-02-10,Hotel,JFK,262.6,377.35,0.94,146,136,51319.6,0.932,25098,22,F,Gold,OTA,51,Family,CAMP_B,True,False,0.54,0.93,False,8.6,8.14,False,160.26,0.57,Low,,,
665,2024-11-16,Hotel,LHR,97.04,133.2,0.87,110,99,13186.8,0.9,38126,57,M,None,Corporate,79,Business,NONE,False,False,0.0,0.26,True,86.41,6.98,False,128.25,6.42,Low,,,
666,2024-01-20,Flight,LHR,299.76,433.21,0.95,214,206,89241.26,0.963,32943,29,F,None,Corporate,107,Leisure,CAMP_A,True,False,0.0,-0.11,True,79.32,28.95,False,1850.5,58.98,High,13845.0,857.13,False
667,2024-02-13,Hotel,SIN,270.41,332.0,0.73,157,118,39176.0,0.752,37725,70,M,None,Corporate,76,Other,CAMP_B,True,True,0.34,-0.25,True,70.44,5.67,False,119.06,10.83,Low,,,
668,2024-04-10,Hotel,HKG,188.7,236.97,0.76,88,65,15403.05,0.739,15978,18,M,Silver,Direct,81,Business,CAMP_A,True,False,0.31,-0.35,False,57.21,8.78,False,179.16,2.36,Low,,,
669,2024-07-31,Hotel,SYD,250.75,317.1,0.76,63,43,13635.3,0.683,34766,21,M,Silver,Agent,77,Business,CAMP_A,True,True,0.18,-0.81,False,44.24,5.83,False,176.57,17.75,High,,,
670,2024-05-14,Flight,DXB,646.19,793.46,0.73,389,285,226136.1,0.733,43610,35,F,None,OTA,101,Business,NONE,False,False,0.0,-0.14,True,10.24,28.34,False,1254.88,32.93,Medium,13298.0,846.74,False
671,2024-07-18,Hotel,SIN,250.21,352.54,0.91,125,117,41247.18,0.936,42522,20,M,Silver,Corporate,39,Leisure,CAMP_B,True,True,0.16,0.5,False,18.65,5.81,False,231.48,13.57,Low,,,
672,2024-01-30,Hotel,LHR,184.52,223.7,0.71,167,122,27291.4,0.731,26844,41,F,Silver,Corporate,13,Leisure,CAMP_C,True,False,0.27,0.01,False,144.41,9.37,False,100.97,4.44,Low,,,
673,2024-08-29,Hotel,LHR,158.24,221.22,0.9,143,127,28094.94,0.888,43871,43,F,None,OTA,53,Leisure,CAMP_C,True,True,0.43,0.14,False,85.36,6.71,False,180.32,5.79,Medium,,,
674,2024-09-03,Hotel,SYD,194.05,229.03,0.68,105,68,15574.04,0.648,44660,24,M,None,OTA,5,Other,NONE,False,False,0.0,0.06,True,84.58,7.07,False,122.62,6.42,Medium,,,
675,2024-10-06,Flight,LHR,618.19,798.47,0.79,394,313,249921.11,0.794,47074,67,F,Gold,Agent,95,Business,CAMP_A,True,True,0.41,-0.11,False,48.72,33.47,False,2381.38,20.94,Low,2791.0,784.88,False
676,2024-12-11,Hotel,JFK,129.36,193.42,1.0,259,259,50095.78,1.0,35414,44,F,None,Direct,18,Leisure,CAMP_B,True,False,0.49,0.0,False,110.9,11.61,True,185.9,5.24,High,,,
677,2024-11-14,Hotel,JFK,226.82,251.26,0.61,96,62,15578.12,0.646,24179,65,F,None,Direct,63,Leisure,CAMP_B,True,True,0.54,0.22,False,27.46,8.37,False,129.83,4.44,Low,,,
678,2024-12-05,Flight,SYD,424.29,472.01,0.61,186,111,52393.11,0.597,44823,51,F,None,OTA,14,Business,CAMP_B,True,False,0.23,-0.09,True,34.03,36.78,False,2063.63,52.63,Low,11748.0,840.83,False
679,2024-12-12,Flight,JFK,520.86,795.14,1.03,313,313,248878.82,1.0,18719,69,F,None,OTA,113,Business,CAMP_A,True,False,0.43,0.6,False,16.28,35.37,False,2327.31,19.69,Low,4255.0,832.47,False
680,2024-02-07,Hotel,DXB,186.11,258.92,0.89,74,63,16311.96,0.851,31643,59,M,None,Agent,52,Business,CAMP_A,True,False,0.51,-0.09,False,77.33,10.03,False,164.36,6.43,Low,,,
681,2024-09-16,Flight,CDG,313.16,354.8,0.63,320,200,70960.0,0.625,44607,49,M,None,Agent,100,Leisure,CAMP_C,True,True,0.06,-0.85,False,19.59,35.0,False,1779.51,40.85,Medium,4318.0,898.0,False
682,2024-02-01,Flight,DXB,372.24,424.74,0.64,306,200,84948.0,0.654,11819,44,M,None,Corporate,97,Leisure,NONE,False,False,0.0,-0.25,False,78.0,42.81,False,2495.0,8.16,Medium,4240.0,871.6,False
683,2024-12-23,Hotel,HKG,151.2,178.3,0.68,288,194,34590.2,0.674,16581,65,M,Silver,Corporate,76,Business,CAMP_A,True,True,0.58,-0.07,True,37.84,9.86,False,170.69,13.85,Medium,,,
684,2024-05-12,Flight,JFK,390.13,512.71,0.81,149,117,59987.07,0.785,35374,36,F,Platinum,Direct,116,Family,CAMP_B,True,False,0.54,0.72,False,62.37,24.64,False,2186.87,13.64,Low,6189.0,829.51,False
685,2024-05-11,Hotel,LHR,176.99,283.55,1.1,58,58,16445.9,1.0,42519,64,F,Silver,Agent,10,Leisure,NONE,False,False,0.0,-0.92,False,25.33,7.86,False,143.9,16.82,Low,,,
686,2024-10-10,Hotel,CDG,149.29,164.88,0.6,247,144,23742.72,0.583,14347,56,F,None,Corporate,104,Business,CAMP_A,True,False,0.25,-1.06,False,26.82,7.55,False,169.33,5.21,Low,,,
687,2024-07-02,Flight,SYD,581.27,644.74,0.61,368,221,142487.54,0.601,41438,60,F,None,Agent,106,Other,CAMP_A,True,False,0.23,0.46,True,61.25,31.9,False,2421.05,12.33,Low,5009.0,931.67,False
688,2024-07-19,Hotel,SYD,183.52,189.25,0.53,73,38,7191.5,0.521,14376,25,M,None,OTA,35,Leisure,CAMP_C,True,False,0.02,0.25,True,87.79,8.3,False,161.51,12.62,Medium,,,
689,2024-09-05,Flight,JFK,561.39,778.6,0.89,316,277,215672.2,0.877,27194,39,M,Platinum,Agent,13,Business,CAMP_A,True,False,0.07,0.1,False,54.9,33.7,False,1831.73,15.31,Low,1991.0,834.52,False
690,2024-03-16,Hotel,HKG,239.39,296.71,0.74,300,218,64682.78,0.727,33791,37,M,None,OTA,31,Leisure,CAMP_A,True,False,0.05,-0.52,False,46.42,10.85,False,142.83,8.95,Low,,,
691,2024-10-09,Hotel,SIN,301.88,345.06,0.64,164,104,35886.24,0.634,40665,46,F,Silver,OTA,62,Leisure,CAMP_C,True,False,0.19,1.65,True,63.09,4.46,False,141.07,8.85,Low,,,
692,2024-08-31,Hotel,DXB,165.46,185.14,0.62,75,42,7775.88,0.56,42346,50,F,Gold,Agent,22,Leisure,NONE,False,False,0.0,0.53,True,31.02,10.95,False,90.27,1.45,Medium,,,
693,2024-03-07,Flight,CDG,493.36,554.4,0.62,211,129,71517.6,0.611,39630,57,M,None,Agent,45,Other,CAMP_B,True,False,0.2,0.57,False,75.65,25.54,False,2187.47,32.9,Medium,2921.0,876.04,False
694,2024-02-01,Flight,HKG,555.94,772.92,0.89,361,316,244242.72,0.875,49803,37,M,Silver,Corporate,119,Leisure,NONE,False,False,0.0,-0.21,False,28.79,35.75,False,1704.39,27.44,Medium,11770.0,715.08,False
695,2024-02-03,Hotel,CDG,156.38,187.54,0.7,189,135,25317.9,0.714,46105,31,M,Platinum,Agent,67,Business,NONE,False,False,0.0,-0.15,True,34.88,7.09,False,169.95,16.18,Low,,,
696,2024-11-26,Hotel,SIN,194.18,219.22,0.63,218,136,29813.92,0.624,27547,43,M,Silver,Agent,85,Leisure,CAMP_C,True,False,0.14,-0.13,False,39.03,6.22,False,164.41,2.8,Medium,,,
697,2024-11-05,Flight,DXB,369.0,375.04,0.52,338,174,65256.96,0.515,40967,22,M,Platinum,OTA,19,Leisure,NONE,False,False,0.0,-0.1,False,35.52,35.81,False,1759.83,33.12,Medium,7025.0,818.64,False
698,2024-08-19,Hotel,CDG,185.7,220.4,0.69,261,178,39231.2,0.682,42837,24,M,None,Corporate,80,Leisure,NONE,False,False,0.0,-0.77,True,23.16,6.77,False,151.32,6.37,Low,,,
699,2024-01-29,Hotel,SYD,129.38,121.53,0.44,257,111,13489.83,0.432,11766,70,M,Gold,OTA,88,Business,CAMP_B,True,False,0.22,0.17,False,88.17,7.88,False,204.82,5.51,Low,,,
700,2024-11-20,Flight,SIN,327.02,342.12,0.55,214,111,37975.32,0.519,32558,59,M,Silver,Corporate,105,Other,CAMP_B,True,False,0.37,0.23,False,56.43,25.97,False,1481.22,24.34,Low,7031.0,853.69,False
701,2024-02-13,Hotel,CDG,278.16,354.89,0.78,173,136,48265.04,0.786,26088,57,F,None,Corporate,8,Family,CAMP_C,True,False,0.57,0.17,True,12.08,14.45,False,118.65,7.14,Medium,,,
702,2024-05-15,Hotel,DXB,232.88,265.09,0.64,246,152,40293.68,0.618,38209,62,M,None,OTA,110,Business,CAMP_B,True,False,0.22,0.36,False,63.35,6.3,False,67.01,24.6,Low,,,
703,2024-10-08,Hotel,LHR,205.42,237.99,0.66,182,116,27606.84,0.637,14306,56,M,None,OTA,106,Leisure,CAMP_C,True,True,0.44,-0.02,False,96.45,8.09,False,161.35,0.74,Low,,,
704,2024-07-01,Hotel,SIN,282.49,416.4,0.97,89,84,34977.6,0.944,23745,22,M,Gold,OTA,79,Business,CAMP_C,True,False,0.33,0.05,False,70.88,8.2,False,154.31,22.39,Low,,,
705,2024-06-28,Hotel,DXB,184.55,219.14,0.69,68,48,10518.72,0.706,45913,55,M,Gold,Corporate,23,Business,NONE,False,False,0.0,-0.04,False,129.39,7.23,False,214.24,2.27,High,,,
706,2024-02-26,Hotel,JFK,127.95,168.33,0.82,174,141,23734.53,0.81,19401,46,F,Silver,Corporate,42,Leisure,CAMP_C,True,False,0.3,-0.14,False,138.34,8.93,False,191.68,6.74,Low,,,
707,2024-05-03,Hotel,DXB,278.27,315.6,0.63,288,180,56808.0,0.625,34409,45,F,Gold,OTA,117,Leisure,CAMP_C,True,False,0.14,-0.09,True,12.29,5.11,False,191.79,23.29,Low,,,
708,2024-10-31,Hotel,DXB,149.52,162.14,0.58,183,105,17024.7,0.574,34585,35,F,None,Corporate,92,Family,CAMP_B,True,False,0.32,0.79,True,39.14,8.51,False,167.8,5.34,Medium,,,
709,2024-07-01,Hotel,SIN,101.12,126.38,0.75,63,48,6066.24,0.762,29733,56,F,None,Corporate,79,Family,CAMP_A,True,True,0.58,0.21,True,36.46,5.3,False,154.44,3.13,Low,,,
710,2024-07-16,Flight,DXB,539.12,572.92,0.56,266,145,83073.4,0.545,23341,49,F,None,OTA,58,Leisure,CAMP_B,True,False,0.1,0.08,False,24.88,32.97,False,2511.98,94.32,Medium,4380.0,868.53,False
711,2024-11-09,Flight,LHR,335.64,455.27,0.86,245,207,94240.89,0.845,33592,62,F,None,Agent,56,Leisure,NONE,False,False,0.0,0.2,False,18.47,29.32,False,2086.65,41.78,Low,9183.0,864.13,False
712,2024-10-14,Flight,JFK,530.39,655.17,0.74,155,115,75344.55,0.742,24452,19,M,Silver,OTA,120,Family,CAMP_A,True,False,0.35,0.16,False,183.94,34.33,False,2456.03,31.66,Low,1325.0,901.71,False
713,2024-08-09,Hotel,LHR,226.58,246.98,0.59,113,65,16053.7,0.575,41443,54,F,None,Agent,92,Business,CAMP_A,True,False,0.32,0.29,False,49.23,8.4,False,201.36,6.63,Medium,,,
714,2024-02-20,Flight,HKG,534.22,567.45,0.56,338,193,109517.85,0.571,38401,48,F,None,OTA,6,Business,CAMP_A,True,False,0.14,0.75,True,64.48,26.56,False,2406.29,12.11,Low,1609.0,830.87,False
715,2024-05-16,Hotel,SYD,248.63,291.17,0.67,230,150,43675.5,0.652,16330,47,M,None,Direct,109,Business,NONE,False,False,0.0,0.73,False,42.13,6.44,False,143.19,1.26,Medium,,,
716,2024-01-23,Hotel,SYD,258.59,390.2,1.01,222,222,86624.4,1.0,11242,18,M,None,Direct,27,Family,CAMP_C,True,False,0.02,0.45,True,191.31,5.4,False,180.77,2.81,Low,,,
717,2024-08-30,Hotel,HKG,208.51,297.26,0.93,168,153,45480.78,0.911,16583,43,M,None,Agent,26,Leisure,CAMP_A,True,True,0.6,-0.08,False,55.52,4.45,False,220.64,1.03,Medium,,,
718,2024-02-24,Flight,DXB,399.38,380.74,0.45,242,108,41119.92,0.446,32719,22,M,None,OTA,46,Other,CAMP_B,True,False,0.29,-0.91,True,24.98,37.67,False,1958.03,11.31,Low,7841.0,847.78,False
719,2024-04-06,Hotel,SYD,305.04,382.38,0.75,127,92,35178.96,0.724,46686,54,F,None,Agent,90,Leisure,CAMP_A,True,False,0.45,-0.42,True,132.11,7.7,False,117.23,9.28,Low,,,
720,2024-03-21,Hotel,JFK,108.16,162.92,1.01,197,197,32095.24,1.0,30234,38,M,None,Direct,31,Business,CAMP_B,True,False,0.53,-1.12,True,126.61,8.05,False,118.63,9.54,Low,,,
721,2024-07-30,Hotel,LHR,153.23,187.86,0.73,207,152,28554.72,0.734,27848,47,F,Silver,Direct,112,Leisure,CAMP_B,True,False,0.02,-0.1,False,187.11,8.47,False,156.39,1.53,Low,,,
722,2024-10-11,Flight,LHR,418.04,528.41,0.76,159,118,62352.38,0.742,42542,38,M,Gold,Agent,14,Business,CAMP_A,True,False,0.02,-0.0,True,79.71,20.24,False,1714.76,33.17,Low,5466.0,806.64,False
723,2024-02-18,Flight,JFK,484.35,552.15,0.64,273,170,93865.5,0.623,26834,21,M,Silver,OTA,109,Leisure,CAMP_C,True,False,0.27,-0.44,False,5.77,28.89,False,2369.9,1.65,Low,10985.0,874.6,False
724,2024-03-03,Hotel,CDG,216.34,319.49,0.98,273,262,83706.38,0.96,16948,19,M,None,Corporate,7,Family,NONE,False,False,0.0,1.12,True,21.07,8.46,False,174.84,16.64,Medium,,,
725,2024-03-22,Hotel,HKG,180.42,234.52,0.8,69,54,12664.08,0.783,27763,59,M,Silver,Corporate,64,Business,CAMP_A,True,False,0.47,-0.51,True,18.41,6.97,False,124.86,19.77,Medium,,,
726,2024-01-01,Flight,HKG,544.29,844.49,1.05,205,205,173120.45,1.0,10674,49,M,None,Corporate,73,Family,CAMP_B,True,False,0.22,0.51,False,58.37,26.74,False,2200.93,6.3,Low,9680.0,863.56,False
727,2024-05-21,Flight,HKG,353.87,495.55,0.9,132,115,56988.25,0.871,37994,61,M,Silver,Agent,12,Family,CAMP_B,True,True,0.19,0.13,True,23.6,29.59,False,2430.49,26.59,Low,11129.0,886.92,False
728,2024-11-03,Hotel,DXB,185.89,236.78,0.77,82,60,14206.8,0.732,47580,35,M,Silver,Agent,33,Business,CAMP_B,True,False,0.4,-0.58,False,209.97,7.67,False,169.23,0.77,Low,,,
729,2024-12-23,Flight,HKG,295.82,347.15,0.67,364,242,84010.3,0.665,31179,64,F,None,Direct,24,Family,CAMP_B,True,False,0.1,-0.13,True,13.52,30.04,False,1741.86,6.25,Low,10603.0,830.91,False
730,2024-03-08,Hotel,DXB,274.68,323.23,0.68,207,136,43959.28,0.657,30882,42,M,None,Agent,7,Business,NONE,False,False,0.0,0.69,True,59.13,7.44,False,166.3,10.23,Low,,,
731,2024-02-21,Flight,LHR,441.29,641.81,0.95,151,145,93062.45,0.96,38279,67,F,None,OTA,29,Leisure,CAMP_C,True,False,0.41,0.67,False,49.29,32.39,False,2017.71,12.58,Medium,14945.0,910.49,True
732,2024-01-02,Hotel,JFK,235.04,293.4,0.75,262,197,57799.8,0.752,47805,29,M,Silver,Direct,59,Business,CAMP_A,True,False,0.56,-0.2,False,55.45,5.98,False,115.09,0.71,Low,,,
733,2024-05-29,Hotel,SYD,158.0,160.39,0.52,187,96,15397.44,0.513,43731,58,M,None,Corporate,86,Family,NONE,False,False,0.0,-0.36,True,77.41,9.16,False,254.02,10.36,High,,,
734,2024-09-22,Hotel,JFK,215.48,266.47,0.74,151,110,29311.7,0.728,21402,62,M,Silver,Agent,84,Leisure,NONE,False,False,0.0,0.06,False,51.18,11.06,False,228.88,14.22,Low,,,
735,2024-03-24,Flight,CDG,591.5,622.93,0.55,149,77,47965.61,0.517,48186,55,F,None,Corporate,104,Other,NONE,False,False,0.0,-0.15,True,38.15,31.73,False,1713.34,23.23,Low,2972.0,920.18,False
736,2024-05-26,Flight,LHR,343.33,379.69,0.61,396,238,90366.22,0.601,34927,34,M,None,Agent,54,Business,CAMP_A,True,False,0.36,-0.06,True,43.45,31.91,False,2030.2,65.52,Low,2205.0,804.37,False
737,2024-02-12,Hotel,JFK,184.07,181.07,0.48,135,68,12312.76,0.504,10313,19,F,None,Agent,106,Business,NONE,False,False,0.0,-0.48,False,68.41,10.02,False,174.43,26.72,Low,,,
738,2024-08-27,Flight,HKG,421.67,689.11,1.13,252,252,173655.72,1.0,43342,42,F,None,Direct,103,Business,CAMP_B,True,False,0.2,0.26,False,65.3,27.14,False,1936.97,20.67,Low,9827.0,822.63,False
739,2024-01-28,Hotel,CDG,161.39,214.65,0.83,240,197,42286.05,0.821,12665,47,M,Platinum,Corporate,97,Business,CAMP_A,True,True,0.2,-1.22,True,7.85,5.76,False,144.52,8.14,Low,,,
740,2024-06-25,Hotel,SYD,231.91,266.53,0.65,120,75,19989.75,0.625,25862,55,M,None,Agent,104,Business,NONE,False,False,0.0,-0.13,True,36.63,9.37,False,178.38,15.38,Medium,,,
741,2024-05-21,Hotel,JFK,228.24,257.86,0.63,209,131,33779.66,0.627,21855,35,M,None,Corporate,110,Business,NONE,False,False,0.0,0.95,True,96.73,8.84,False,129.7,13.13,Low,,,
742,2024-11-23,Hotel,DXB,205.85,271.18,0.82,114,92,24948.56,0.807,26383,29,F,None,Agent,3,Family,CAMP_B,True,False,0.21,0.23,False,48.97,8.54,False,150.78,23.91,Low,,,
743,2024-01-10,Hotel,JFK,249.84,338.53,0.85,252,219,74138.07,0.869,48910,50,M,None,Corporate,37,Business,NONE,False,False,0.0,0.09,False,82.85,6.68,False,149.01,12.06,Low,,,
744,2024-02-03,Hotel,JFK,197.93,261.13,0.82,111,88,22979.44,0.793,23541,19,F,None,Corporate,77,Leisure,CAMP_B,True,False,0.24,0.47,False,43.26,6.3,False,144.3,5.36,Low,,,
745,2024-09-20,Hotel,SYD,171.64,251.39,0.96,100,99,24887.61,0.99,15189,62,M,None,OTA,20,Business,NONE,False,False,0.0,0.34,False,125.85,9.17,False,135.53,8.84,Medium,,,
746,2024-07-14,Flight,SYD,308.42,459.7,0.99,311,307,141127.9,0.987,37562,69,M,None,OTA,7,Other,CAMP_C,True,False,0.27,0.86,True,37.49,31.61,False,2289.51,11.02,Low,12498.0,815.71,False
747,2024-02-23,Flight,LHR,415.63,588.75,0.92,195,175,103031.25,0.897,43574,24,F,None,Agent,57,Business,CAMP_B,True,False,0.5,-0.36,False,52.6,29.09,False,2251.55,12.68,Medium,11980.0,876.08,False
748,2024-08-07,Flight,SYD,534.95,729.94,0.86,274,238,173725.72,0.869,36755,22,F,None,Direct,33,Leisure,NONE,False,False,0.0,-0.07,False,42.0,33.97,False,1701.94,3.91,Medium,9586.0,807.49,False
749,2024-11-26,Hotel,SIN,282.68,359.14,0.77,263,201,72187.14,0.764,10033,65,M,None,Agent,82,Other,NONE,False,False,0.0,0.46,False,24.43,7.36,False,56.56,0.78,Medium,,,
750,2024-01-01,Hotel,DXB,259.17,334.56,0.79,276,220,73603.2,0.797,22993,25,F,None,Corporate,69,Business,CAMP_A,True,True,0.25,0.29,True,115.33,8.95,False,81.3,6.29,Medium,,,
751,2024-03-01,Flight,SIN,615.94,807.21,0.81,253,207,167092.47,0.818,38768,39,F,None,Corporate,62,Business,CAMP_B,True,False,0.18,-0.0,False,45.58,31.7,True,2236.34,10.33,Low,10180.0,829.26,False
752,2024-11-26,Flight,SIN,572.85,723.48,0.76,303,231,167123.88,0.762,42961,48,M,Silver,Agent,103,Family,NONE,False,False,0.0,-0.38,False,56.93,31.9,False,1873.11,20.75,Low,1384.0,912.61,False
753,2024-06-28,Hotel,SYD,217.48,286.26,0.82,294,239,68416.14,0.813,27150,19,M,Gold,Corporate,59,Other,CAMP_C,True,True,0.45,-0.03,False,24.58,11.0,True,163.91,12.93,Low,,,
754,2024-08-11,Flight,DXB,609.57,850.0,0.89,304,266,226100.0,0.875,19896,62,F,None,Agent,57,Leisure,CAMP_A,True,True,0.12,0.23,False,55.44,17.74,False,1800.33,57.12,Low,9308.0,766.26,False
755,2024-08-26,Hotel,JFK,176.07,196.63,0.62,113,73,14353.99,0.646,32680,20,M,Silver,Corporate,74,Leisure,CAMP_B,True,False,0.03,0.57,False,35.58,8.08,False,197.73,2.15,Low,,,
756,2024-04-01,Hotel,SYD,106.28,74.46,0.2,206,41,3052.86,0.199,10417,41,M,None,OTA,93,Leisure,NONE,False,False,0.0,0.28,False,66.69,6.25,False,154.44,1.75,Medium,,,
757,2024-07-22,Hotel,SIN,184.45,203.38,0.6,151,92,18710.96,0.609,23983,64,F,None,Corporate,107,Business,NONE,False,False,0.0,0.41,False,59.47,8.55,False,176.99,9.36,Low,,,
758,2024-04-28,Hotel,HKG,158.81,235.69,0.98,299,294,69292.86,0.983,38538,68,M,Gold,OTA,112,Leisure,CAMP_B,True,True,0.48,0.59,True,105.51,8.66,False,165.74,14.53,Medium,,,
759,2024-03-26,Flight,SYD,493.42,452.88,0.42,146,57,25814.16,0.39,46005,51,M,None,Direct,33,Leisure,CAMP_C,True,False,0.09,-0.32,True,93.7,29.78,False,2250.01,20.54,Low,8631.0,840.96,False
760,2024-07-14,Hotel,SYD,145.18,170.22,0.67,269,175,29788.5,0.651,47997,39,F,None,OTA,27,Leisure,CAMP_B,True,True,0.5,0.53,True,20.18,11.61,False,174.89,2.81,Low,,,
761,2024-06-15,Flight,CDG,549.88,725.73,0.82,255,211,153129.03,0.827,31274,46,M,Gold,OTA,90,Family,CAMP_C,True,False,0.44,0.12,True,158.31,27.74,False,2193.34,18.23,Low,7428.0,849.24,False
762,2024-10-22,Hotel,JFK,236.9,290.81,0.73,50,38,11050.78,0.76,15138,23,F,Silver,Agent,114,Business,CAMP_B,True,True,0.07,-0.17,True,24.12,8.68,False,184.03,0.32,Low,,,
763,2024-12-31,Flight,JFK,517.21,774.02,1.0,218,215,166414.3,0.986,23107,42,M,Gold,Corporate,84,Leisure,NONE,False,False,0.0,0.67,True,64.61,39.06,False,1631.89,13.93,Low,1186.0,850.25,False
764,2024-12-23,Hotel,SYD,266.84,296.4,0.61,83,53,15709.2,0.639,12021,67,M,None,Agent,4,Other,CAMP_C,True,True,0.1,-0.42,True,66.47,4.86,False,186.34,5.99,Low,,,
765,2024-05-25,Hotel,DXB,196.64,240.04,0.72,208,151,36246.04,0.726,18206,29,M,None,Corporate,103,Business,NONE,False,False,0.0,0.64,False,43.55,5.99,False,167.91,2.72,Medium,,,
766,2024-05-23,Flight,CDG,518.51,643.61,0.74,259,192,123573.12,0.741,15576,45,M,Gold,OTA,73,Leisure,CAMP_C,True,True,0.44,0.32,False,32.08,27.16,False,1937.99,43.59,Low,6327.0,885.8,False
767,2024-07-08,Flight,JFK,441.4,617.81,0.9,361,323,199552.63,0.895,17589,56,M,Silver,Agent,17,Leisure,CAMP_A,True,False,0.23,0.51,True,65.23,29.03,False,1997.01,28.17,Low,3961.0,847.93,False
768,2024-07-30,Hotel,CDG,195.74,233.15,0.69,216,144,33573.6,0.667,10079,27,M,Silver,Agent,0,Leisure,CAMP_A,True,False,0.29,0.01,False,54.14,9.19,False,116.71,2.76,Low,,,
769,2024-04-01,Flight,SYD,424.14,423.98,0.5,380,188,79708.24,0.495,36734,54,M,None,Agent,51,Leisure,CAMP_A,True,False,0.53,0.61,False,153.77,34.55,False,2084.62,11.63,Medium,12147.0,793.88,False
770,2024-10-13,Hotel,SIN,127.72,150.33,0.68,218,147,22098.51,0.674,20688,37,F,Silver,OTA,89,Leisure,CAMP_B,True,True,0.48,-0.48,False,44.75,9.07,False,150.05,9.78,Low,,,
771,2024-08-20,Hotel,HKG,248.91,317.78,0.78,245,190,60378.2,0.776,22303,46,F,Silver,Corporate,4,Business,CAMP_A,True,False,0.37,-0.55,True,33.75,8.55,False,219.7,10.21,Low,,,
772,2024-06-24,Hotel,HKG,147.86,185.72,0.76,61,47,8728.84,0.77,28408,25,M,None,OTA,19,Business,NONE,False,False,0.0,-0.78,True,125.85,7.85,False,125.05,5.35,Medium,,,
773,2024-06-30,Flight,HKG,515.26,620.59,0.7,354,252,156388.68,0.712,35190,38,F,Silver,Corporate,44,Leisure,CAMP_B,True,False,0.22,-0.59,False,87.09,31.61,False,2236.03,18.94,Low,3576.0,840.56,False
774,2024-09-13,Flight,LHR,619.73,738.84,0.69,309,214,158111.76,0.693,19211,58,M,Silver,Corporate,100,Family,NONE,False,False,0.0,0.45,True,37.99,25.02,False,1524.63,12.1,Low,14952.0,837.36,False
775,2024-04-14,Flight,SIN,556.18,537.85,0.47,199,95,51095.75,0.477,44372,68,F,None,OTA,118,Family,CAMP_B,True,False,0.41,-0.2,False,204.88,29.41,False,1691.94,15.44,Low,12358.0,799.96,False
776,2024-12-02,Hotel,JFK,225.28,214.86,0.45,183,81,17403.66,0.443,44196,35,M,None,OTA,7,Business,CAMP_A,True,True,0.02,-0.28,False,64.98,9.57,False,170.03,4.33,Low,,,
777,2024-07-12,Flight,LHR,444.96,510.43,0.65,261,167,85241.81,0.64,20662,34,F,Gold,OTA,75,Other,NONE,False,False,0.0,0.57,False,244.56,32.02,False,2098.25,56.54,Low,14147.0,915.44,False
778,2024-01-24,Flight,JFK,720.56,839.59,0.67,350,236,198143.24,0.674,37595,53,M,Gold,Agent,26,Family,NONE,False,False,0.0,0.13,False,24.93,25.98,False,2287.43,43.94,Low,4281.0,791.48,False
779,2024-04-03,Flight,LHR,737.04,852.09,0.66,138,92,78392.28,0.667,19394,55,M,Silver,Corporate,105,Other,NONE,False,False,0.0,0.51,False,14.82,31.38,False,2687.95,21.27,Medium,4594.0,896.72,False
780,2024-11-07,Flight,SIN,379.39,557.87,0.97,284,270,150624.9,0.951,49953,33,M,None,Agent,24,Business,CAMP_B,True,False,0.47,0.62,False,55.45,27.61,False,2045.89,56.38,Low,11695.0,799.28,False
781,2024-12-28,Hotel,SIN,168.61,224.84,0.83,171,138,31027.92,0.807,39484,39,F,None,Agent,7,Leisure,CAMP_C,True,False,0.34,0.67,False,194.4,7.34,False,164.98,14.69,Low,,,
782,2024-06-27,Hotel,LHR,174.71,205.68,0.68,116,79,16248.72,0.681,22853,31,M,None,Agent,7,Family,CAMP_A,True,False,0.46,-0.14,False,17.06,6.39,False,171.12,10.61,Medium,,,
783,2024-09-14,Hotel,DXB,295.02,318.33,0.58,106,64,20373.12,0.604,21793,41,M,Silver,OTA,49,Leisure,CAMP_A,True,False,0.56,-0.59,False,67.86,10.65,False,84.34,4.2,Medium,,,
784,2024-05-13,Flight,LHR,278.65,402.64,0.94,168,162,65227.68,0.964,11914,62,M,Platinum,OTA,48,Leisure,CAMP_B,True,False,0.47,0.25,True,110.34,34.6,False,2053.22,11.85,Medium,11167.0,815.33,False
785,2024-12-16,Hotel,HKG,134.48,172.59,0.78,246,193,33309.87,0.785,39577,69,F,None,OTA,116,Business,CAMP_A,True,False,0.25,-0.1,True,110.57,10.94,False,74.74,6.24,Medium,,,
786,2024-12-24,Hotel,CDG,308.88,349.93,0.63,263,162,56688.66,0.616,27798,64,M,Gold,Corporate,95,Business,CAMP_B,True,False,0.49,0.08,False,31.68,10.49,False,109.41,3.42,Low,,,
787,2024-12-21,Flight,SIN,321.3,468.22,0.96,291,282,132038.04,0.969,26655,39,M,None,Direct,94,Business,NONE,False,False,0.0,0.83,False,61.99,36.53,False,1727.3,14.77,Low,5561.0,881.38,False
788,2024-03-18,Flight,DXB,584.2,791.79,0.86,146,123,97390.17,0.842,37836,25,F,None,Direct,66,Leisure,CAMP_C,True,False,0.41,0.26,True,60.99,40.26,False,2091.97,17.41,Low,6454.0,907.6,False
789,2024-02-21,Flight,DXB,619.15,819.1,0.82,295,244,199860.4,0.827,13147,45,F,Platinum,Direct,44,Business,CAMP_A,True,True,0.0,-0.39,False,51.87,30.72,False,2191.48,20.3,High,10694.0,891.41,False
790,2024-04-15,Flight,JFK,212.32,279.53,0.82,176,147,41090.91,0.835,46228,58,M,None,Direct,6,Leisure,NONE,False,False,0.0,-0.29,False,116.84,29.83,False,2230.69,3.87,Medium,1587.0,751.79,False
791,2024-10-12,Hotel,HKG,285.71,325.45,0.64,238,155,50444.75,0.651,23460,28,F,None,Direct,102,Leisure,CAMP_A,True,False,0.21,-0.49,False,31.14,8.45,False,115.4,0.41,Low,,,
792,2024-12-04,Hotel,DXB,195.44,276.93,0.92,194,179,49570.47,0.923,47165,31,M,Silver,Agent,108,Leisure,NONE,False,False,0.0,-0.71,False,54.43,8.03,False,137.11,5.32,Medium,,,
793,2024-04-01,Hotel,DXB,172.99,202.94,0.67,177,118,23946.92,0.667,47760,28,F,None,Direct,48,Leisure,NONE,False,False,0.0,0.37,True,61.4,1.96,False,129.49,10.99,Medium,,,
794,2024-11-13,Flight,SIN,588.39,776.19,0.82,188,151,117204.69,0.803,38929,66,M,None,Agent,50,Business,CAMP_A,True,True,0.01,0.2,False,26.4,24.58,False,1997.11,22.47,Medium,7977.0,762.85,False
795,2024-04-25,Flight,HKG,610.22,900.76,0.98,288,281,253113.56,0.976,29846,41,F,Gold,OTA,13,Family,NONE,False,False,0.0,0.37,True,21.4,28.12,False,2179.01,18.6,Low,4803.0,759.87,False
796,2024-07-29,Flight,SIN,623.24,704.75,0.63,241,154,108531.5,0.639,10133,32,M,Silver,Direct,29,Other,CAMP_A,True,False,0.45,0.18,False,42.08,25.71,False,2013.68,12.94,High,5015.0,904.97,False
797,2024-12-19,Flight,DXB,306.02,402.19,0.81,220,178,71589.82,0.809,11766,54,F,None,Corporate,26,Leisure,CAMP_A,True,False,0.09,0.12,False,172.91,25.94,False,2142.42,101.19,Medium,9844.0,881.31,False
798,2024-12-19,Hotel,DXB,195.73,264.36,0.85,157,137,36217.32,0.873,22444,63,F,None,Direct,40,Business,NONE,False,False,0.0,0.58,False,149.36,9.71,False,124.86,10.91,Medium,,,
799,2024-12-27,Flight,LHR,305.6,483.23,1.08,185,185,89397.55,1.0,25937,54,F,None,OTA,46,Business,CAMP_B,True,False,0.32,0.34,False,7.72,26.27,False,2071.27,45.47,Medium,9492.0,858.77,False
800,2024-09-13,Flight,LHR,603.46,710.94,0.68,312,206,146453.64,0.66,25992,19,M,None,Agent,44,Leisure,NONE,False,False,0.0,-0.18,False,34.73,28.99,False,1786.91,23.68,Low,7952.0,889.33,False
801,2024-12-16,Flight,JFK,421.44,431.26,0.52,245,131,56495.06,0.535,28466,47,F,Gold,Agent,120,Business,CAMP_A,True,False,0.25,-0.41,True,30.14,37.59,False,1828.62,49.68,Low,8607.0,828.49,False
802,2024-04-12,Hotel,LHR,222.33,250.25,0.63,111,71,17767.75,0.64,42007,36,F,Platinum,Agent,21,Leisure,CAMP_A,True,False,0.14,0.55,False,56.91,8.72,False,156.22,0.02,Low,,,
803,2024-06-12,Hotel,SIN,214.56,289.88,0.85,289,242,70150.96,0.837,31031,63,M,None,Direct,66,Family,CAMP_B,True,True,0.2,0.5,False,46.72,11.3,False,103.18,5.15,Low,,,
804,2024-11-21,Flight,CDG,503.08,683.98,0.86,327,284,194250.32,0.869,47117,62,F,Silver,Agent,73,Business,NONE,False,False,0.0,-0.27,False,162.17,23.14,False,1647.73,47.45,Low,11511.0,889.73,False
805,2024-07-24,Flight,SYD,471.78,712.15,1.01,136,133,94715.95,0.978,34911,36,M,Silver,Direct,39,Other,NONE,False,False,0.0,0.85,False,34.87,37.6,False,1734.08,42.81,Low,2108.0,798.95,False
806,2024-09-23,Flight,DXB,468.68,477.43,0.52,257,128,61111.04,0.498,49369,40,M,None,Direct,115,Leisure,CAMP_B,True,True,0.47,0.11,True,22.0,26.37,False,1688.49,55.47,Medium,14236.0,900.31,False
807,2024-01-28,Hotel,CDG,234.92,319.81,0.86,189,165,52768.65,0.873,37080,60,F,None,Corporate,99,Family,CAMP_A,True,False,0.19,-0.05,True,66.2,10.0,False,82.71,14.94,Low,,,
808,2024-08-09,Flight,LHR,421.03,494.68,0.67,261,177,87558.36,0.678,49511,66,M,None,OTA,83,Leisure,CAMP_A,True,False,0.48,0.13,False,23.93,33.45,False,2282.66,7.12,Low,8561.0,899.52,False
809,2024-03-09,Flight,SYD,544.42,670.82,0.73,292,215,144226.3,0.736,40626,44,F,Silver,Agent,107,Leisure,CAMP_A,True,False,0.19,-0.79,False,38.48,20.32,False,1832.31,3.75,Low,1621.0,841.89,False
810,2024-06-15,Flight,CDG,483.93,617.42,0.78,315,243,150033.06,0.771,37596,40,M,Platinum,Agent,74,Business,CAMP_C,True,True,0.46,0.66,False,63.72,31.49,False,1992.1,35.57,Low,546.0,794.53,False
811,2024-07-20,Hotel,LHR,130.04,163.45,0.76,138,102,16671.9,0.739,32367,36,F,None,Corporate,61,Business,CAMP_A,True,False,0.41,-0.48,True,86.65,9.18,False,157.32,6.73,Medium,,,
812,2024-12-18,Flight,SIN,674.17,827.4,0.73,230,163,134866.2,0.709,48319,49,M,Silver,Corporate,17,Business,CAMP_B,True,False,0.26,-0.13,True,94.51,29.46,False,2318.95,22.13,Low,11391.0,861.52,False
813,2024-05-05,Hotel,JFK,213.2,287.85,0.85,237,198,56994.3,0.835,48283,68,M,None,Agent,71,Family,CAMP_C,True,True,0.57,0.32,False,48.03,11.76,False,139.16,0.62,High,,,
814,2024-02-23,Hotel,HKG,180.22,228.18,0.77,227,171,39018.78,0.753,45169,19,F,None,Corporate,2,Family,NONE,False,False,0.0,0.14,False,31.83,6.2,False,125.51,8.48,Medium,,,
815,2024-01-03,Hotel,HKG,197.14,233.2,0.68,138,93,21687.6,0.674,49612,22,M,None,Corporate,37,Leisure,CAMP_A,True,True,0.03,0.28,False,94.41,11.36,False,199.4,1.78,Medium,,,
816,2024-10-21,Hotel,LHR,218.04,272.16,0.75,218,164,44634.24,0.752,45603,40,F,Silver,Agent,70,Business,NONE,False,False,0.0,-0.12,False,41.67,8.88,False,227.99,8.74,Low,,,
817,2024-06-02,Flight,JFK,515.57,602.25,0.67,203,136,81906.0,0.67,36046,68,M,None,OTA,76,Business,CAMP_C,True,False,0.5,-0.37,False,152.55,27.76,False,2155.87,90.28,Low,4397.0,775.44,False
818,2024-07-27,Flight,SYD,412.32,472.12,0.65,400,257,121334.84,0.642,43388,26,M,Gold,Direct,118,Business,CAMP_A,True,False,0.34,0.15,False,50.54,30.75,False,2221.93,24.44,Medium,6606.0,904.07,False
819,2024-10-26,Flight,JFK,276.96,336.91,0.72,318,222,74794.02,0.698,17133,55,F,Gold,Agent,98,Business,NONE,False,False,0.0,0.7,True,55.86,33.67,False,2297.46,52.89,Low,3873.0,869.86,False
820,2024-06-23,Flight,SIN,156.16,184.31,0.68,276,182,33544.42,0.659,22548,41,F,Silver,OTA,82,Family,CAMP_C,True,True,0.59,0.62,True,12.86,37.0,False,1833.82,15.64,Low,7394.0,959.21,False
821,2024-04-13,Flight,HKG,389.49,435.67,0.62,210,126,54894.42,0.6,36514,25,M,Gold,Agent,90,Business,NONE,False,False,0.0,0.13,False,59.82,38.84,False,1963.12,2.91,Low,6225.0,809.58,False
822,2024-01-14,Flight,JFK,576.04,894.48,1.05,133,133,118965.84,1.0,24532,42,M,None,Corporate,58,Leisure,CAMP_B,True,True,0.14,0.18,False,101.02,21.94,False,2276.87,53.21,Low,13553.0,839.46,False
823,2024-05-22,Hotel,LHR,206.42,286.16,0.89,292,254,72684.64,0.87,31140,62,M,None,Corporate,116,Business,NONE,False,False,0.0,0.69,False,55.21,6.72,False,117.48,19.78,Low,,,
824,2024-08-22,Flight,CDG,614.13,653.01,0.56,356,197,128642.97,0.553,17885,64,M,Silver,Direct,115,Leisure,CAMP_B,True,False,0.52,0.35,False,45.47,30.47,False,2433.22,33.36,Low,8928.0,936.43,False
825,2024-10-23,Flight,JFK,562.69,605.74,0.58,279,155,93889.7,0.556,18373,20,M,None,Agent,15,Other,CAMP_B,True,False,0.1,-0.45,False,15.93,31.37,False,2084.92,18.39,Low,10022.0,862.02,False
826,2024-11-02,Hotel,LHR,227.23,287.12,0.76,74,54,15504.48,0.73,20196,20,F,Silver,Corporate,17,Family,CAMP_B,True,False,0.21,-0.22,False,37.97,7.34,False,151.0,7.68,Low,,,
827,2024-10-06,Hotel,SIN,123.73,160.39,0.8,149,121,19407.19,0.812,27410,26,M,None,Direct,103,Leisure,CAMP_A,True,False,0.52,0.37,False,75.01,9.2,False,150.73,4.79,Low,,,
828,2024-12-02,Hotel,HKG,205.0,295.64,0.94,65,60,17738.4,0.923,21699,26,M,None,Agent,12,Business,NONE,False,False,0.0,0.1,False,51.72,9.44,False,190.31,23.86,Medium,,,
829,2024-06-27,Hotel,JFK,253.81,342.89,0.85,100,86,29488.54,0.86,46320,39,M,None,Direct,23,Leisure,CAMP_A,True,False,0.12,0.77,False,25.84,9.04,True,224.67,2.89,Low,,,
830,2024-09-22,Hotel,HKG,221.31,252.51,0.64,147,96,24240.96,0.653,28655,54,F,Gold,Agent,11,Business,CAMP_C,True,True,0.4,0.43,False,69.95,8.47,False,182.65,16.86,Low,,,
831,2024-08-25,Hotel,CDG,163.61,232.76,0.92,265,248,57724.48,0.936,48601,68,F,Silver,OTA,18,Business,CAMP_A,True,False,0.08,-0.09,True,22.2,8.45,False,144.58,9.07,Low,,,
832,2024-09-06,Hotel,SYD,216.64,304.54,0.91,273,244,74307.76,0.894,35525,69,F,None,Agent,36,Other,NONE,False,False,0.0,0.15,False,52.08,5.4,False,147.31,11.46,High,,,
833,2024-02-14,Hotel,CDG,210.27,252.53,0.7,52,34,8586.02,0.654,18702,41,F,None,Direct,35,Business,CAMP_C,True,False,0.37,-0.14,False,64.71,9.82,False,78.81,10.99,Low,,,
834,2024-10-11,Flight,DXB,288.35,333.26,0.66,348,229,76316.54,0.658,45004,35,M,None,OTA,64,Other,CAMP_A,True,False,0.13,0.05,False,104.1,30.19,False,1626.5,10.76,Low,12192.0,865.34,False
835,2024-11-01,Hotel,HKG,137.71,162.68,0.68,252,168,27330.24,0.667,22443,50,F,Silver,Corporate,43,Business,CAMP_B,True,False,0.54,-0.03,True,91.09,4.51,False,120.0,0.79,Low,,,
836,2024-02-25,Hotel,HKG,252.28,278.63,0.6,82,44,12259.72,0.537,20898,46,F,None,Agent,47,Leisure,NONE,False,False,0.0,-0.5,False,80.47,5.56,False,112.79,4.78,Medium,,,
837,2024-08-10,Hotel,SYD,279.7,374.29,0.84,155,124,46411.96,0.8,16276,56,F,Silver,Agent,53,Leisure,CAMP_A,True,False,0.42,-0.3,True,13.95,8.79,False,98.54,13.57,Low,,,
838,2024-07-02,Hotel,JFK,230.14,290.08,0.76,96,72,20885.76,0.75,17492,32,F,None,Corporate,82,Business,CAMP_B,True,True,0.46,0.14,True,26.62,6.85,False,152.63,4.9,Low,,,
839,2024-12-30,Flight,LHR,474.93,529.8,0.62,157,92,48741.6,0.586,39720,24,F,None,Agent,6,Leisure,NONE,False,False,0.0,0.14,False,195.89,33.94,False,1733.88,3.06,Low,1717.0,853.56,False
840,2024-12-14,Hotel,JFK,265.32,303.16,0.64,119,73,22130.68,0.613,33925,37,F,Gold,OTA,27,Leisure,CAMP_A,True,False,0.08,-0.32,False,10.85,7.98,False,120.84,10.85,Low,,,
841,2024-10-29,Flight,DXB,516.43,655.54,0.77,214,162,106197.48,0.757,46118,41,F,Silver,Corporate,90,Other,CAMP_B,True,False,0.17,0.14,True,19.63,27.18,False,1598.74,8.38,Low,7102.0,906.0,False
842,2024-04-25,Flight,DXB,561.29,726.48,0.79,370,294,213585.12,0.795,45954,43,F,Gold,Direct,27,Leisure,NONE,False,False,0.0,-0.5,False,22.93,29.72,False,2109.21,11.56,Low,5348.0,850.36,False
843,2024-08-28,Flight,LHR,566.52,761.55,0.84,291,240,182772.0,0.825,17801,27,M,None,Direct,25,Business,CAMP_C,True,False,0.21,0.73,False,72.51,26.44,False,2203.04,8.92,Low,1472.0,778.8,False
844,2024-09-12,Flight,SIN,391.77,527.65,0.85,368,307,161988.55,0.834,28058,62,M,Silver,Corporate,97,Family,NONE,False,False,0.0,-0.22,False,53.17,30.17,False,2570.47,51.89,Medium,3705.0,898.62,False
845,2024-04-03,Hotel,SYD,240.79,328.56,0.86,266,226,74254.56,0.85,39309,68,F,Silver,Agent,1,Business,CAMP_B,True,False,0.07,0.23,False,65.43,7.23,False,138.3,12.21,Medium,,,
846,2024-07-20,Flight,SYD,492.31,625.34,0.77,193,147,91924.98,0.762,11599,44,F,Gold,Agent,25,Business,CAMP_A,True,False,0.23,0.41,False,44.33,34.16,False,2030.63,12.65,Medium,12009.0,825.85,False
847,2024-08-24,Hotel,HKG,137.76,150.65,0.59,182,104,15667.6,0.571,36186,29,M,Silver,Agent,45,Family,CAMP_A,True,False,0.29,0.96,True,93.07,8.96,False,165.02,11.2,Low,,,
848,2024-04-25,Hotel,DXB,258.29,340.03,0.82,80,65,22101.95,0.812,11912,56,F,Silver,Direct,53,Business,CAMP_B,True,False,0.59,0.27,False,11.28,5.63,False,154.92,9.14,Medium,,,
849,2024-09-17,Flight,JFK,446.77,581.24,0.8,288,229,133103.96,0.795,38088,20,M,Silver,OTA,83,Other,CAMP_C,True,False,0.28,-0.31,True,23.98,27.26,False,1448.71,5.05,Low,7758.0,868.85,False
850,2024-03-02,Flight,DXB,461.43,456.57,0.49,221,104,47483.28,0.471,24546,64,M,None,Corporate,96,Business,CAMP_A,True,False,0.29,-0.08,False,133.79,28.8,False,1658.46,40.75,Low,2755.0,881.34,False
851,2024-01-01,Flight,JFK,390.53,447.9,0.65,281,183,81965.7,0.651,16806,50,F,None,Direct,58,Leisure,CAMP_B,True,False,0.25,0.28,False,20.93,26.29,False,2102.38,25.83,Low,1152.0,1002.91,False
852,2024-02-27,Flight,DXB,611.45,718.33,0.67,182,125,89791.25,0.687,11446,29,F,None,Agent,108,Leisure,NONE,False,False,0.0,-0.57,True,82.36,24.44,False,1995.39,16.61,Low,2271.0,802.07,False
853,2024-04-04,Flight,CDG,534.71,667.79,0.75,172,124,82805.96,0.721,44776,26,M,Gold,Corporate,20,Leisure,CAMP_B,True,False,0.56,-0.05,True,154.85,30.57,False,1861.56,29.81,High,1449.0,820.11,False
854,2024-09-22,Flight,SIN,525.35,605.79,0.65,161,109,66031.11,0.677,38123,62,F,Silver,Corporate,33,Other,CAMP_A,True,False,0.52,-0.75,False,102.08,32.67,True,1363.62,30.0,Low,12544.0,787.76,False
855,2024-06-10,Hotel,DXB,187.88,230.01,0.72,237,173,39791.73,0.73,29921,40,F,None,Direct,102,Other,CAMP_A,True,False,0.31,0.17,True,35.56,5.76,False,158.37,5.17,Low,,,
856,2024-10-24,Hotel,DXB,223.21,268.34,0.7,151,106,28444.04,0.702,33985,35,M,None,Corporate,64,Leisure,CAMP_A,True,False,0.3,-0.38,False,150.96,6.68,False,155.96,11.46,Low,,,
857,2024-12-12,Flight,SIN,404.63,531.31,0.81,172,143,75977.33,0.831,14645,56,M,None,OTA,58,Leisure,CAMP_A,True,True,0.24,-0.71,False,47.32,30.97,False,2074.65,54.98,Low,6911.0,870.27,False
858,2024-01-23,Hotel,JFK,216.58,259.23,0.7,269,185,47957.55,0.688,15321,27,M,None,Corporate,58,Leisure,CAMP_A,True,True,0.48,-0.4,True,29.2,6.42,False,165.93,17.49,Low,,,
859,2024-01-13,Hotel,JFK,214.69,256.68,0.7,267,187,47999.16,0.7,25151,58,M,Gold,OTA,14,Family,CAMP_B,True,False,0.44,0.0,False,14.59,8.53,False,120.88,3.19,Medium,,,
860,2024-10-17,Flight,LHR,780.48,1120.7,0.94,339,314,351899.8,0.926,47135,26,M,None,Corporate,19,Business,CAMP_A,True,False,0.05,0.01,False,35.79,26.93,False,1729.66,49.34,Low,13612.0,930.27,False
861,2024-03-25,Flight,CDG,663.65,706.07,0.56,278,156,110146.92,0.561,33419,50,F,Silver,Direct,91,Business,CAMP_A,True,False,0.4,-0.53,False,90.51,29.19,False,1785.97,15.71,Low,11524.0,905.23,False
862,2024-01-12,Hotel,CDG,200.25,236.04,0.68,113,74,17466.96,0.655,46524,35,F,Gold,Agent,74,Leisure,CAMP_C,True,True,0.07,-0.33,True,182.88,6.84,False,192.38,6.47,Medium,,,
863,2024-12-02,Hotel,SIN,120.37,136.16,0.63,93,58,7897.28,0.624,34737,18,M,Silver,OTA,31,Business,CAMP_B,True,True,0.35,0.36,True,19.28,6.2,False,125.52,3.93,Low,,,
864,2024-02-23,Flight,CDG,519.43,684.3,0.82,282,233,159441.9,0.826,22575,30,F,Platinum,Direct,0,Business,NONE,False,False,0.0,0.17,False,42.48,18.42,False,2328.08,19.29,Low,11297.0,922.44,False
865,2024-12-01,Flight,LHR,374.92,323.54,0.36,383,142,45942.68,0.371,41322,50,F,None,Agent,12,Leisure,NONE,False,False,0.0,-0.74,True,153.69,30.74,False,1985.98,93.31,Low,14025.0,910.44,False
866,2024-12-09,Flight,DXB,657.78,844.81,0.78,125,99,83636.19,0.792,47108,43,F,Silver,Corporate,100,Business,CAMP_A,True,False,0.22,0.89,False,25.08,29.68,False,2237.76,2.74,Low,6614.0,867.51,False
867,2024-11-19,Hotel,JFK,180.91,222.67,0.73,211,152,33845.84,0.72,23699,55,F,None,Agent,106,Business,CAMP_A,True,False,0.5,-0.36,True,62.29,6.38,False,167.74,6.54,Low,,,
868,2024-06-14,Hotel,HKG,196.6,246.78,0.76,241,181,44667.18,0.751,14660,63,F,Platinum,OTA,34,Leisure,NONE,False,False,0.0,0.81,True,124.2,10.51,False,192.97,1.98,Low,,,
869,2024-07-30,Hotel,SYD,233.23,307.41,0.82,272,221,67937.61,0.812,34330,23,F,None,OTA,23,Leisure,CAMP_A,True,False,0.03,0.45,False,4.91,7.52,False,145.33,13.07,Low,,,
870,2024-12-20,Flight,DXB,300.67,371.83,0.74,332,240,89239.2,0.723,26280,55,M,Gold,Agent,79,Leisure,NONE,False,False,0.0,-0.49,False,76.66,28.64,False,1750.18,37.75,Low,2891.0,882.1,False
871,2024-10-24,Flight,JFK,413.23,576.21,0.89,364,322,185539.62,0.885,11855,65,F,Silver,Agent,14,Business,CAMP_A,True,True,0.46,0.54,False,9.28,23.21,False,2169.32,17.31,Low,2985.0,898.04,False
872,2024-09-28,Flight,HKG,427.14,558.87,0.81,270,217,121274.79,0.804,12404,65,M,None,OTA,52,Business,CAMP_A,True,True,0.33,-0.1,False,31.66,25.39,True,1982.43,44.66,Low,4231.0,956.17,False
873,2024-02-11,Hotel,SIN,221.52,322.18,0.95,138,135,43494.3,0.978,39089,31,F,None,Corporate,0,Other,CAMP_B,True,False,0.3,-0.39,True,110.52,8.86,False,150.23,1.94,Low,,,
874,2024-01-30,Hotel,LHR,86.48,110.2,0.77,170,131,14436.2,0.771,46423,59,F,Silver,Agent,119,Leisure,CAMP_B,True,False,0.5,0.94,False,54.23,6.82,False,197.99,3.31,Low,,,
875,2024-12-23,Hotel,LHR,205.98,246.04,0.69,259,182,44779.28,0.703,34867,23,M,Gold,Agent,54,Family,CAMP_A,True,True,0.47,0.55,True,145.21,7.37,False,149.94,15.65,Low,,,
876,2024-10-27,Hotel,DXB,232.52,250.06,0.58,108,62,15503.72,0.574,23586,41,M,None,Direct,7,Business,CAMP_B,True,True,0.11,0.13,False,51.63,6.64,False,127.97,1.87,Medium,,,
877,2024-09-16,Hotel,SIN,245.06,331.62,0.85,99,83,27524.46,0.838,42481,52,F,Gold,OTA,110,Leisure,CAMP_B,True,False,0.44,-1.16,True,21.69,10.35,True,158.27,28.56,Low,,,
878,2024-04-02,Hotel,CDG,100.57,133.37,0.83,258,212,28274.44,0.822,33844,50,M,None,Agent,118,Leisure,CAMP_C,True,False,0.59,0.11,False,63.78,11.04,False,135.41,1.92,Medium,,,
879,2024-05-26,Hotel,JFK,135.63,136.44,0.51,117,60,8186.4,0.513,31857,62,M,None,OTA,53,Business,NONE,False,False,0.0,-0.58,True,10.29,9.07,False,228.73,11.14,Low,,,
880,2024-10-03,Flight,SIN,425.67,569.64,0.84,184,152,86585.28,0.826,36659,61,M,None,Agent,103,Business,CAMP_B,True,False,0.19,0.05,True,2.67,25.63,False,1641.87,67.64,Low,11453.0,792.1,False
881,2024-10-28,Hotel,DXB,223.04,279.11,0.75,177,133,37121.63,0.751,42243,48,M,None,OTA,8,Leisure,NONE,False,False,0.0,-0.04,False,111.96,9.96,False,196.57,3.57,Low,,,
882,2024-05-19,Hotel,CDG,202.35,265.61,0.81,183,143,37982.23,0.781,10174,68,F,Gold,OTA,0,Business,NONE,False,False,0.0,-0.12,False,76.96,11.52,False,125.62,15.81,Medium,,,
883,2024-06-05,Flight,HKG,619.97,767.41,0.74,152,115,88252.15,0.757,42734,26,M,Gold,OTA,64,Family,NONE,False,False,0.0,0.35,False,26.21,23.38,False,2278.12,21.24,Medium,7330.0,927.13,False
884,2024-07-15,Hotel,LHR,249.6,277.14,0.61,204,122,33811.08,0.598,15417,28,M,Gold,Corporate,52,Leisure,CAMP_C,True,False,0.44,-0.4,False,45.93,10.4,False,191.88,10.97,Low,,,
885,2024-10-24,Hotel,JFK,46.22,65.92,0.93,205,193,12722.56,0.941,39669,61,F,None,OTA,83,Other,CAMP_A,True,False,0.01,0.27,False,30.02,9.53,False,146.68,17.67,High,,,
886,2024-02-23,Flight,JFK,507.19,673.16,0.83,127,104,70008.64,0.819,33060,63,F,Silver,Corporate,64,Business,CAMP_B,True,True,0.33,0.4,False,72.77,33.25,False,2301.05,4.22,Low,2084.0,869.37,False
887,2024-03-28,Hotel,HKG,276.4,345.41,0.75,119,88,30396.08,0.739,37123,55,M,Silver,Agent,62,Leisure,CAMP_A,True,False,0.07,0.37,False,86.96,7.16,False,123.3,0.76,Low,,,
888,2024-02-08,Hotel,LHR,155.84,167.96,0.58,122,73,12261.08,0.598,20590,64,M,None,OTA,34,Leisure,CAMP_A,True,False,0.49,0.0,True,74.75,7.58,False,218.02,21.3,Medium,,,
889,2024-09-15,Flight,SIN,576.92,768.22,0.83,394,328,251976.16,0.832,28504,19,M,None,Agent,23,Business,NONE,False,False,0.0,-0.25,False,58.47,26.24,False,1670.84,7.35,Medium,6742.0,900.31,False
890,2024-07-28,Hotel,LHR,259.97,362.69,0.9,246,215,77978.35,0.874,19970,37,F,None,Direct,44,Leisure,CAMP_A,True,False,0.43,0.94,False,92.37,6.71,False,135.55,7.77,Low,,,
891,2024-08-25,Hotel,LHR,252.87,277.03,0.6,285,171,47372.13,0.6,11871,44,M,None,Agent,72,Leisure,NONE,False,False,0.0,-0.16,True,44.18,6.26,False,202.92,6.69,Low,,,
892,2024-04-20,Hotel,SYD,154.9,210.36,0.86,152,131,27557.16,0.862,22369,53,F,None,Direct,72,Leisure,CAMP_B,True,False,0.4,-0.5,False,113.22,11.75,False,144.72,7.26,Low,,,
893,2024-01-18,Flight,LHR,751.18,838.82,0.62,156,96,80526.72,0.615,32189,47,F,Gold,Direct,69,Business,NONE,False,False,0.0,0.58,False,90.55,29.63,False,1994.37,18.26,Medium,9592.0,984.15,False
894,2024-11-24,Hotel,HKG,253.99,397.4,1.06,127,127,50469.8,1.0,47979,44,M,Platinum,Direct,106,Business,CAMP_B,True,False,0.52,-0.01,False,71.25,6.66,False,160.44,7.74,Low,,,
895,2024-01-27,Hotel,LHR,138.24,138.41,0.5,75,40,5536.4,0.533,40034,63,F,None,Direct,12,Leisure,CAMP_B,True,True,0.16,0.49,False,23.37,7.53,False,190.98,1.62,Low,,,
896,2024-06-20,Flight,JFK,183.89,246.95,0.84,336,279,68899.05,0.83,45767,24,F,Platinum,Direct,14,Leisure,CAMP_A,True,False,0.21,-0.26,True,59.31,28.33,False,1776.9,19.07,Low,14073.0,810.45,False
897,2024-10-22,Hotel,DXB,284.41,394.11,0.89,87,81,31922.91,0.931,11352,51,F,None,Direct,120,Leisure,CAMP_C,True,False,0.53,-0.13,False,49.18,7.4,False,139.42,22.45,Low,,,
898,2024-01-08,Flight,DXB,459.34,696.09,1.02,361,361,251288.49,1.0,35935,31,F,Silver,Agent,46,Leisure,CAMP_B,True,False,0.33,-0.49,True,58.79,42.4,False,2052.2,20.88,Low,390.0,976.22,False
899,2024-11-18,Hotel,LHR,166.95,227.21,0.86,110,90,20448.9,0.818,25900,26,M,Silver,OTA,118,Leisure,CAMP_B,True,False,0.22,0.27,True,182.99,7.56,False,141.29,4.18,Medium,,,
900,2024-10-25,Flight,DXB,226.95,272.12,0.7,141,95,25851.4,0.674,45210,39,M,Platinum,Agent,6,Leisure,CAMP_A,True,False,0.26,0.71,True,56.57,26.75,False,2138.04,3.85,Low,7701.0,857.67,False
901,2024-07-12,Hotel,CDG,287.27,433.37,1.01,227,227,98374.99,1.0,45691,31,F,Silver,OTA,16,Other,CAMP_A,True,False,0.51,0.38,True,24.98,6.46,False,158.91,2.38,Medium,,,
902,2024-03-29,Flight,DXB,398.54,508.3,0.78,240,184,93527.2,0.767,26488,21,F,None,Direct,68,Leisure,CAMP_A,True,False,0.37,-0.24,False,16.08,33.71,False,2009.98,7.76,Medium,601.0,902.83,False
903,2024-03-05,Flight,HKG,556.88,509.15,0.41,252,106,53969.9,0.421,13099,26,M,None,Corporate,63,Leisure,CAMP_C,True,False,0.2,0.65,False,89.27,38.12,True,1476.02,5.16,Medium,8290.0,912.91,False
904,2024-04-26,Flight,DXB,215.81,296.0,0.87,138,119,35224.0,0.862,20107,36,M,Gold,OTA,100,Other,NONE,False,False,0.0,0.2,False,12.26,31.17,False,1745.66,31.1,Medium,2616.0,783.85,False
905,2024-08-09,Hotel,DXB,204.49,249.45,0.72,269,195,48642.75,0.725,23512,24,M,Gold,Agent,55,Leisure,CAMP_A,True,False,0.35,0.58,True,155.73,11.18,False,187.01,0.96,Medium,,,
906,2024-11-07,Hotel,CDG,252.04,373.25,0.98,264,255,95178.75,0.966,12053,41,M,None,Corporate,43,Business,CAMP_B,True,False,0.16,-0.43,False,26.27,8.54,False,126.04,11.89,Low,,,
907,2024-10-02,Hotel,JFK,241.78,286.72,0.69,174,121,34693.12,0.695,49945,56,F,Platinum,Direct,25,Business,CAMP_A,True,False,0.41,-1.04,True,41.7,9.3,False,178.49,11.07,Medium,,,
908,2024-10-18,Flight,SYD,559.95,713.78,0.77,179,140,99929.2,0.782,27920,57,M,Silver,Corporate,5,Leisure,CAMP_A,True,True,0.53,-0.27,False,16.77,26.84,False,1769.12,26.78,Low,12433.0,830.65,False
909,2024-12-24,Hotel,LHR,116.33,164.21,0.91,211,192,31528.32,0.91,24521,57,M,Silver,Agent,71,Family,NONE,False,False,0.0,-0.37,False,130.15,8.05,True,157.45,5.29,Low,,,
910,2024-09-09,Flight,JFK,356.7,376.27,0.55,250,138,51925.26,0.552,25858,35,F,Silver,Agent,82,Family,NONE,False,False,0.0,-0.31,False,38.21,30.65,False,2416.2,7.34,Low,3354.0,890.03,False
911,2024-04-02,Hotel,DXB,236.21,307.79,0.8,257,201,61865.79,0.782,19921,44,F,Platinum,OTA,43,Leisure,NONE,False,False,0.0,0.44,True,53.47,5.84,False,75.98,21.62,Medium,,,
912,2024-12-09,Flight,SYD,374.86,441.44,0.68,278,191,84315.04,0.687,36436,54,F,Silver,Agent,53,Leisure,CAMP_A,True,True,0.43,-0.05,True,8.09,26.85,True,1905.18,1.85,Low,1234.0,849.55,False
913,2024-04-27,Hotel,SYD,178.53,188.9,0.56,260,147,27768.3,0.565,19718,48,M,Platinum,Corporate,21,Leisure,CAMP_B,True,False,0.55,0.4,True,64.86,11.23,False,144.13,28.95,Medium,,,
914,2024-09-22,Hotel,CDG,181.77,240.3,0.82,243,203,48780.9,0.835,25016,67,M,None,OTA,10,Leisure,CAMP_A,True,False,0.17,-0.36,True,14.68,7.51,False,115.18,5.63,Low,,,
915,2024-06-15,Flight,SIN,662.14,846.34,0.78,254,201,170114.34,0.791,28791,47,F,None,OTA,35,Business,CAMP_A,True,True,0.18,0.71,True,2.33,24.28,False,2244.9,34.57,Low,13121.0,927.44,False
916,2024-09-03,Hotel,CDG,311.41,387.91,0.75,140,106,41118.46,0.757,33756,40,F,None,Agent,27,Business,CAMP_C,True,False,0.59,0.08,True,83.17,7.17,False,120.11,7.34,Medium,,,
917,2024-09-30,Hotel,HKG,224.81,315.61,0.9,273,241,76062.01,0.883,26870,60,F,None,OTA,97,Leisure,CAMP_A,True,False,0.51,-0.65,False,97.53,4.34,False,128.78,5.05,Low,,,
918,2024-08-02,Flight,CDG,633.69,738.22,0.66,266,176,129926.72,0.662,18878,40,F,Silver,Corporate,89,Family,NONE,False,False,0.0,-0.41,True,63.13,29.82,False,1798.59,41.09,Medium,4989.0,921.59,False
919,2024-03-26,Flight,HKG,393.47,445.06,0.63,229,145,64533.7,0.633,20061,51,M,Silver,Agent,79,Leisure,NONE,False,False,0.0,-0.11,False,41.78,31.87,False,1796.14,22.37,Low,11856.0,821.28,True
920,2024-10-09,Hotel,JFK,162.41,182.01,0.62,81,52,9464.52,0.642,22932,35,M,None,Agent,40,Leisure,NONE,False,False,0.0,0.13,True,100.18,8.3,False,176.65,1.81,Low,,,
921,2024-04-28,Flight,CDG,591.32,609.18,0.53,177,97,59090.46,0.548,32055,48,M,None,OTA,23,Other,CAMP_B,True,False,0.25,0.01,False,155.13,24.37,False,1448.78,4.12,Low,11318.0,879.7,False
922,2024-06-12,Flight,DXB,396.85,453.08,0.64,207,129,58447.32,0.623,48660,29,M,None,OTA,21,Business,CAMP_B,True,True,0.58,-0.57,False,70.86,21.68,False,1567.62,21.4,Low,6787.0,835.05,False
923,2024-11-12,Hotel,LHR,175.72,201.02,0.64,132,81,16282.62,0.614,35363,43,F,None,Corporate,78,Leisure,NONE,False,False,0.0,-0.29,False,101.63,5.67,False,150.61,3.65,Low,,,
924,2024-03-01,Hotel,HKG,248.45,340.2,0.87,92,80,27216.0,0.87,43221,63,M,None,Direct,90,Other,CAMP_B,True,True,0.47,0.14,True,38.2,3.31,False,220.42,0.81,Medium,,,
925,2024-06-17,Flight,DXB,683.5,591.23,0.37,140,50,29561.5,0.357,19072,58,M,None,Agent,7,Business,CAMP_A,True,False,0.03,0.98,True,180.22,30.78,False,2396.16,19.51,Low,5599.0,862.42,False
926,2024-08-03,Hotel,DXB,275.01,314.83,0.64,249,159,50057.97,0.639,39585,64,M,None,Direct,33,Business,CAMP_A,True,False,0.56,-1.02,False,49.88,7.29,False,175.22,4.46,Medium,,,
927,2024-04-05,Hotel,SYD,166.87,242.26,0.95,127,118,28586.68,0.929,33655,66,F,Gold,Direct,79,Business,CAMP_C,True,False,0.23,-0.26,True,42.13,7.78,False,167.12,2.4,Low,,,
928,2024-06-23,Hotel,SIN,210.07,266.47,0.77,148,117,31176.99,0.791,39721,62,M,Silver,Agent,53,Business,CAMP_B,True,False,0.52,-0.48,False,64.74,7.9,False,194.71,5.1,High,,,
929,2024-11-04,Hotel,HKG,180.91,219.94,0.72,295,214,47067.16,0.725,30153,53,M,Gold,Direct,71,Leisure,NONE,False,False,0.0,0.16,True,169.04,8.61,False,209.37,7.33,Medium,,,
930,2024-02-07,Hotel,CDG,124.44,171.6,0.88,76,66,11325.6,0.868,45623,69,M,None,OTA,48,Business,CAMP_B,True,False,0.46,0.15,False,44.52,6.95,False,115.71,0.28,Low,,,
931,2024-01-20,Hotel,DXB,149.2,180.26,0.71,201,146,26317.96,0.726,17818,21,F,Silver,Agent,112,Business,CAMP_A,True,False,0.45,-0.15,True,42.64,7.09,False,136.26,5.88,Low,,,
932,2024-10-09,Flight,DXB,486.65,622.74,0.78,171,134,83447.16,0.784,23421,22,M,Gold,OTA,79,Business,CAMP_A,True,False,0.2,0.07,True,20.21,28.47,False,1516.34,33.92,Low,6481.0,868.92,True
933,2024-06-13,Flight,LHR,602.31,635.38,0.55,240,133,84505.54,0.554,23143,40,F,Gold,Direct,6,Business,CAMP_A,True,False,0.26,-0.24,False,62.03,34.07,False,1923.68,2.9,Medium,12983.0,815.11,False
934,2024-09-16,Flight,HKG,374.97,538.17,0.94,228,213,114630.21,0.934,38643,26,F,Gold,Direct,77,Leisure,NONE,False,False,0.0,0.6,False,79.07,29.4,False,2081.53,47.67,Low,3346.0,834.21,False
935,2024-01-19,Hotel,DXB,243.61,319.57,0.81,77,62,19813.34,0.805,19185,47,F,Platinum,Corporate,57,Business,CAMP_C,True,False,0.18,0.04,False,113.95,6.98,False,137.9,10.14,Low,,,
936,2024-11-22,Flight,LHR,595.89,801.24,0.84,171,140,112173.6,0.819,43708,20,F,None,Agent,66,Business,NONE,False,False,0.0,0.94,False,39.36,29.07,False,1939.7,66.83,Low,4296.0,835.64,False
937,2024-03-07,Flight,SIN,632.75,848.48,0.84,311,265,224847.2,0.852,25400,37,M,Silver,Corporate,49,Business,NONE,False,False,0.0,-0.22,False,74.04,26.58,False,1775.28,54.72,Low,14062.0,873.31,False
938,2024-09-25,Flight,SIN,545.26,712.73,0.81,128,101,71985.73,0.789,47993,51,M,None,OTA,2,Business,CAMP_A,True,False,0.28,-0.46,False,34.42,34.75,False,1932.44,43.26,Low,7720.0,878.63,False
939,2024-04-08,Hotel,SYD,154.31,152.92,0.49,230,108,16515.36,0.47,15046,41,F,None,Corporate,73,Other,NONE,False,False,0.0,1.37,False,101.21,5.63,False,169.25,6.32,Low,,,
940,2024-04-07,Hotel,DXB,241.34,293.81,0.72,126,88,25855.28,0.698,44042,67,F,Gold,Direct,58,Business,NONE,False,False,0.0,-0.27,False,32.38,5.98,False,248.19,2.23,Low,,,
941,2024-06-09,Flight,HKG,582.14,754.11,0.8,187,148,111608.28,0.791,45414,53,M,None,OTA,48,Family,NONE,False,False,0.0,-0.06,False,49.75,28.39,False,2387.53,20.21,Low,2516.0,852.99,False
942,2024-02-20,Flight,SIN,292.05,390.24,0.84,133,115,44877.6,0.865,36822,43,F,None,Corporate,15,Business,NONE,False,False,0.0,0.65,False,51.64,28.17,False,2027.89,18.27,Low,11622.0,897.72,False
943,2024-02-14,Hotel,LHR,181.7,264.09,0.95,254,238,62853.42,0.937,17927,69,M,Silver,Corporate,28,Leisure,NONE,False,False,0.0,0.1,False,61.62,2.23,False,123.92,7.65,Low,,,
944,2024-04-07,Flight,LHR,305.78,345.55,0.63,372,232,80167.6,0.624,41170,44,F,None,OTA,63,Leisure,CAMP_B,True,False,0.59,-0.43,False,20.77,36.02,False,2160.02,68.29,Low,10730.0,815.46,False
945,2024-04-08,Hotel,SIN,247.61,224.36,0.41,246,103,23109.08,0.419,31917,36,F,Silver,OTA,110,Leisure,CAMP_A,True,True,0.51,-0.27,True,30.24,5.08,False,93.78,6.15,Low,,,
946,2024-05-01,Hotel,SYD,187.16,213.2,0.64,140,87,18548.4,0.621,32183,26,F,Silver,Agent,37,Leisure,CAMP_A,True,True,0.44,-0.27,True,28.36,4.74,False,123.4,10.48,Medium,,,
947,2024-01-07,Hotel,HKG,181.12,202.11,0.62,300,182,36784.02,0.607,39503,43,M,None,Agent,92,Other,CAMP_C,True,False,0.31,0.02,True,9.76,2.63,False,137.19,2.91,Low,,,
948,2024-11-25,Hotel,CDG,332.9,499.03,1.0,168,167,83338.01,0.994,14034,70,F,Silver,Agent,41,Business,CAMP_C,True,True,0.5,0.6,False,82.7,9.81,False,96.39,4.43,Medium,,,
949,2024-08-19,Hotel,SYD,149.61,213.71,0.93,194,178,38040.38,0.918,20140,25,M,None,OTA,97,Leisure,CAMP_A,True,False,0.28,-0.05,True,33.92,8.35,False,166.14,9.67,Medium,,,
950,2024-07-28,Hotel,SIN,216.68,255.17,0.68,94,61,15565.37,0.649,18664,35,M,Gold,OTA,115,Other,CAMP_C,True,False,0.22,-0.2,False,42.37,6.8,False,113.97,3.47,Medium,,,
951,2024-09-08,Hotel,SYD,224.8,276.96,0.73,50,40,11078.4,0.8,33952,18,M,None,Direct,71,Business,CAMP_A,True,True,0.5,-0.0,False,8.72,10.56,True,76.67,21.98,Low,,,
952,2024-10-20,Hotel,LHR,189.16,269.68,0.93,162,148,39912.64,0.914,38598,26,F,None,Agent,60,Leisure,CAMP_A,True,True,0.28,-0.83,False,4.69,8.82,False,129.38,12.77,Medium,,,
953,2024-04-08,Flight,SYD,616.54,625.02,0.51,259,137,85627.74,0.529,29179,30,F,Silver,Direct,20,Other,CAMP_C,True,True,0.09,-0.17,False,39.31,25.52,False,1897.32,5.45,Low,3021.0,870.36,False
954,2024-09-15,Hotel,DXB,289.3,350.37,0.71,234,167,58511.79,0.714,13335,68,M,None,Agent,109,Other,CAMP_A,True,False,0.05,-0.58,False,125.68,9.98,False,153.71,7.09,Low,,,
955,2024-08-23,Hotel,CDG,318.66,387.54,0.72,109,81,31390.74,0.743,18268,21,F,None,Agent,57,Business,NONE,False,False,0.0,0.59,False,38.1,7.77,False,128.1,2.55,Low,,,
956,2024-05-23,Flight,SIN,495.9,637.7,0.79,309,244,155598.8,0.79,45628,26,F,Silver,Corporate,1,Business,NONE,False,False,0.0,0.35,True,0.54,31.78,False,1999.84,40.37,Low,9549.0,858.56,False
957,2024-06-09,Hotel,LHR,154.15,179.76,0.67,268,178,31997.28,0.664,24612,24,F,None,Corporate,37,Leisure,CAMP_A,True,True,0.18,-0.49,True,19.02,8.27,False,129.5,11.38,Low,,,
958,2024-01-02,Flight,LHR,539.94,583.16,0.58,258,144,83975.04,0.558,26974,48,F,None,OTA,71,Leisure,NONE,False,False,0.0,-0.08,False,203.4,26.13,False,1338.34,17.56,Low,3856.0,882.41,False
959,2024-12-03,Hotel,HKG,204.85,251.64,0.73,238,174,43785.36,0.731,19903,66,F,None,Agent,107,Leisure,NONE,False,False,0.0,-0.21,True,49.2,10.25,True,168.37,3.36,Low,,,
960,2024-02-11,Hotel,SYD,172.05,238.39,0.89,171,148,35281.72,0.865,31830,38,F,None,OTA,14,Leisure,CAMP_A,True,False,0.31,0.34,False,37.97,7.38,False,138.52,1.45,Low,,,
961,2024-11-05,Hotel,SYD,125.84,188.84,1.0,243,243,45888.12,1.0,12130,38,F,Silver,OTA,41,Family,CAMP_B,True,False,0.37,0.54,False,10.86,9.2,False,52.15,5.04,Low,,,
962,2024-03-06,Hotel,DXB,185.35,252.74,0.86,239,208,52569.92,0.87,14031,44,F,None,OTA,4,Leisure,CAMP_C,True,False,0.19,0.28,False,24.92,7.28,False,99.16,7.42,Low,,,
963,2024-04-17,Flight,SYD,370.8,504.02,0.86,289,248,124996.96,0.858,14866,41,F,None,Direct,37,Leisure,CAMP_A,True,True,0.35,1.0,False,27.87,17.44,False,2063.11,25.24,Low,8419.0,789.7,False
964,2024-01-23,Flight,SYD,556.12,519.54,0.43,367,160,83126.4,0.436,42469,70,F,Gold,Direct,13,Business,CAMP_A,True,False,0.42,-0.12,False,66.44,39.24,False,2352.63,39.87,Medium,7910.0,832.6,False
965,2024-11-02,Flight,CDG,535.85,693.94,0.8,204,164,113806.16,0.804,19562,52,F,Silver,Direct,84,Business,NONE,False,False,0.0,0.22,True,110.09,40.11,False,2219.5,14.34,Low,14477.0,934.09,False
966,2024-07-23,Flight,SIN,483.16,648.39,0.84,212,181,117358.59,0.854,44000,68,M,Silver,Agent,97,Business,CAMP_A,True,False,0.54,0.34,False,13.05,33.77,False,1612.56,9.44,Low,6709.0,781.1,False
967,2024-11-11,Hotel,SYD,219.17,324.88,0.98,88,84,27289.92,0.955,23133,20,F,Silver,Agent,28,Family,NONE,False,False,0.0,-1.1,False,86.0,9.45,False,140.49,21.74,Low,,,
968,2024-10-22,Hotel,CDG,276.79,376.56,0.86,188,165,62132.4,0.878,13532,28,M,None,Agent,64,Business,CAMP_A,True,True,0.46,0.66,True,40.84,7.06,False,197.18,8.83,Low,,,
969,2024-04-02,Flight,SIN,573.56,584.4,0.52,215,110,64284.0,0.512,30726,27,F,None,OTA,84,Leisure,CAMP_B,True,True,0.21,0.06,True,67.86,33.47,False,1841.27,2.58,Low,11079.0,831.29,False
970,2024-03-26,Flight,JFK,564.86,818.66,0.95,167,162,132622.92,0.97,47958,70,M,Platinum,OTA,0,Leisure,CAMP_A,True,False,0.44,0.28,False,107.68,27.85,False,1866.09,38.68,Low,10487.0,902.06,False
971,2024-06-10,Flight,LHR,577.87,635.47,0.6,383,229,145522.63,0.598,42314,50,F,Platinum,Direct,49,Other,NONE,False,False,0.0,0.33,True,15.99,26.31,False,2527.45,46.51,Low,1980.0,826.6,False
972,2024-04-17,Hotel,JFK,135.2,148.6,0.6,280,170,25262.0,0.607,39751,47,F,Gold,OTA,38,Business,NONE,False,False,0.0,0.2,False,87.13,10.22,False,88.75,1.71,Medium,,,
973,2024-04-22,Flight,CDG,632.47,755.04,0.69,378,262,197820.48,0.693,22312,54,M,None,Direct,40,Business,CAMP_B,True,False,0.03,-1.56,True,108.22,20.21,False,2254.33,39.43,Medium,14497.0,903.03,False
974,2024-06-09,Flight,SIN,440.35,474.3,0.58,216,125,59287.5,0.579,20467,48,F,Silver,Corporate,33,Business,CAMP_A,True,False,0.12,0.24,False,97.06,38.55,False,1564.08,49.81,Low,1800.0,856.66,False
975,2024-09-22,Flight,CDG,405.47,628.6,1.05,305,305,191723.0,1.0,33408,46,M,None,OTA,43,Leisure,CAMP_A,True,False,0.1,0.34,False,28.3,34.98,False,1254.85,40.83,Medium,11395.0,905.09,False
976,2024-08-24,Flight,CDG,397.74,555.47,0.9,238,209,116093.23,0.878,46122,65,F,None,Corporate,115,Business,CAMP_B,True,False,0.25,-0.2,False,94.26,31.42,False,1857.61,0.06,Low,10879.0,779.52,False
977,2024-08-02,Flight,CDG,695.39,875.06,0.76,285,217,189888.02,0.761,34457,70,F,None,Corporate,69,Leisure,CAMP_A,True,False,0.18,-0.12,False,29.66,32.19,False,2100.47,94.36,Low,1512.0,929.48,False
978,2024-05-24,Hotel,CDG,207.97,220.59,0.56,282,162,35735.58,0.574,15251,64,F,Silver,Direct,55,Other,CAMP_B,True,False,0.19,0.48,False,28.14,6.66,False,141.35,0.37,Low,,,
979,2024-11-27,Flight,DXB,329.54,468.65,0.92,322,298,139657.7,0.925,28397,51,M,None,Corporate,104,Family,CAMP_B,True,False,0.43,0.47,False,39.52,34.95,False,2442.94,34.21,High,6415.0,801.34,False
980,2024-12-12,Hotel,SIN,197.67,214.1,0.58,224,133,28475.3,0.594,40138,24,F,None,Agent,107,Business,CAMP_B,True,True,0.31,-1.1,False,50.86,7.87,False,73.9,13.76,High,,,
981,2024-03-08,Hotel,JFK,239.0,337.13,0.91,83,78,26296.14,0.94,41026,54,M,Gold,Direct,65,Leisure,NONE,False,False,0.0,-0.39,False,91.55,7.73,False,146.64,7.17,Low,,,
982,2024-06-26,Flight,CDG,299.36,353.05,0.68,354,239,84378.95,0.675,18010,19,M,Silver,Corporate,60,Leisure,CAMP_A,True,False,0.56,0.12,False,93.87,32.29,False,1827.89,25.23,Low,6677.0,834.7,False
983,2024-09-13,Flight,SYD,605.63,671.61,0.61,148,89,59773.29,0.601,15626,32,M,None,Corporate,72,Other,NONE,False,False,0.0,0.73,False,97.87,24.61,False,2027.33,18.65,Medium,13902.0,847.03,False
984,2024-11-18,Flight,HKG,561.69,722.78,0.79,210,169,122149.82,0.805,29969,52,M,None,Corporate,72,Family,CAMP_B,True,True,0.36,-0.05,False,43.27,25.96,False,2218.14,61.99,Low,10955.0,903.21,False
985,2024-03-07,Hotel,LHR,243.55,356.22,0.96,61,58,20660.76,0.951,32743,21,M,None,Agent,31,Leisure,CAMP_C,True,False,0.02,0.67,True,57.83,12.21,False,148.33,0.47,High,,,
986,2024-04-21,Flight,SYD,369.23,351.48,0.45,172,81,28469.88,0.471,33236,64,F,Gold,Corporate,3,Leisure,CAMP_C,True,False,0.34,0.61,True,56.58,27.26,True,2066.31,48.32,Low,8088.0,832.56,False
987,2024-06-24,Hotel,CDG,218.3,331.6,1.02,114,114,37802.4,1.0,44155,27,F,None,Agent,108,Other,CAMP_B,True,True,0.01,-0.02,False,79.82,11.76,False,153.6,10.0,Medium,,,
988,2024-07-18,Hotel,SYD,248.96,309.94,0.74,75,57,17666.58,0.76,34940,25,M,Gold,OTA,20,Family,CAMP_C,True,True,0.16,-0.01,True,31.64,9.08,False,198.05,6.21,Medium,,,
989,2024-07-29,Flight,LHR,286.79,343.61,0.7,279,190,65285.9,0.681,41281,22,M,Gold,OTA,68,Leisure,CAMP_B,True,True,0.21,0.68,True,38.11,35.54,False,2033.6,29.65,Medium,12678.0,894.56,False
990,2024-09-12,Hotel,SYD,279.77,378.5,0.85,217,182,68887.0,0.839,11107,19,F,None,OTA,119,Other,CAMP_C,True,False,0.29,0.11,False,39.29,8.23,False,157.99,1.68,Low,,,
991,2024-11-29,Hotel,DXB,223.86,248.2,0.61,114,65,16133.0,0.57,32032,28,F,None,Agent,15,Business,CAMP_C,True,False,0.36,-0.83,True,13.45,7.65,False,144.66,1.6,Low,,,
992,2024-06-22,Flight,HKG,567.92,661.9,0.67,334,221,146279.9,0.662,40008,18,F,None,OTA,36,Business,NONE,False,False,0.0,-0.56,False,4.2,31.79,False,2393.07,0.69,Medium,464.0,793.96,False
993,2024-07-30,Hotel,LHR,217.78,300.3,0.88,134,116,34834.8,0.866,16540,58,M,None,Corporate,85,Family,CAMP_A,True,False,0.35,-0.44,False,37.11,9.81,False,86.16,4.22,Low,,,
994,2024-09-08,Hotel,SIN,163.89,241.17,0.97,73,70,16881.9,0.959,44537,54,M,None,Corporate,103,Leisure,CAMP_B,True,True,0.47,-0.49,True,50.76,9.07,False,205.64,11.63,Low,,,
995,2024-06-08,Hotel,LHR,237.96,280.47,0.68,242,163,45716.61,0.674,23966,53,F,Silver,OTA,103,Other,CAMP_C,True,False,0.23,1.14,False,21.13,10.03,False,152.98,7.25,Low,,,
996,2024-03-26,Hotel,HKG,209.37,274.99,0.81,232,188,51698.12,0.81,33723,32,F,Gold,Corporate,2,Business,CAMP_A,True,False,0.49,-0.01,True,45.58,8.52,False,134.43,14.32,Low,,,
997,2024-03-19,Hotel,SYD,197.47,235.01,0.69,211,141,33136.41,0.668,45636,20,F,Gold,Corporate,60,Leisure,CAMP_B,True,False,0.54,-0.13,True,20.13,4.76,False,119.4,2.04,High,,,
998,2024-10-07,Flight,HKG,534.41,567.76,0.56,321,183,103900.08,0.57,37649,55,F,None,Agent,32,Business,CAMP_B,True,True,0.13,0.24,True,31.28,26.34,False,2029.18,75.27,High,6921.0,764.07,False
999,2024-05-16,Hotel,HKG,202.84,252.74,0.75,144,102,25779.48,0.708,32544,65,M,Gold,Direct,114,Leisure,NONE,False,False,0.0,-0.51,False,24.43,7.62,False,165.26,2.23,Low,,,
1000,2024-11-25,Flight,SYD,523.12,681.06,0.8,375,296,201593.76,0.789,46564,27,M,Gold,Corporate,94,Leisure,CAMP_B,True,False,0.34,0.12,False,111.53,33.9,False,2156.87,10.98,Low,1533.0,802.27,False
